source_pn,target_pn,relation,rule_id,confidence,shared,rationale,source,target
48-59-1804,0887-20,powers,KG-PLT-01,0.86,platform=M18,"Both are Milwaukee® products on the M18 battery platform, so the power source fits the tool.",971,799
48-59-1804,3033-20,powers,KG-PLT-01,0.86,platform=M18,"Both are Milwaukee® products on the M18 battery platform, so the power source fits the tool.",971,805
48-59-1804,3033-21,powers,KG-PLT-01,0.86,platform=M18,"Both are Milwaukee® products on the M18 battery platform, so the power source fits the tool.",971,806
48-59-1804,3034-20,powers,KG-PLT-01,0.86,platform=M18,"Both are Milwaukee® products on the M18 battery platform, so the power source fits the tool.",971,807
48-59-1804,2909-20,powers,KG-PLT-01,0.86,platform=M18,"Both are Milwaukee® products on the M18 battery platform, so the power source fits the tool.",971,816
48-59-1804,2909-21,powers,KG-PLT-01,0.86,platform=M18,"Both are Milwaukee® products on the M18 battery platform, so the power source fits the tool.",971,817
48-59-1804,2761-20,powers,KG-PLT-01,0.86,platform=M18,"Both are Milwaukee® products on the M18 battery platform, so the power source fits the tool.",971,862
48-59-1804,2837-20,powers,KG-PLT-01,0.86,platform=M18,"Both are Milwaukee® products on the M18 battery platform, so the power source fits the tool.",971,891
48-59-1804,2834-21HD,powers,KG-PLT-01,0.86,platform=M18,"Both are Milwaukee® products on the M18 battery platform, so the power source fits the tool.",971,934
2847-20,0887-20,powers,KG-PLT-01,0.86,platform=M18,"Both are Milwaukee® products on the M18 battery platform, so the power source fits the tool.",974,799
2847-20,3033-20,powers,KG-PLT-01,0.86,platform=M18,"Both are Milwaukee® products on the M18 battery platform, so the power source fits the tool.",974,805
2847-20,3033-21,powers,KG-PLT-01,0.86,platform=M18,"Both are Milwaukee® products on the M18 battery platform, so the power source fits the tool.",974,806
2847-20,3034-20,powers,KG-PLT-01,0.86,platform=M18,"Both are Milwaukee® products on the M18 battery platform, so the power source fits the tool.",974,807
2847-20,2909-20,powers,KG-PLT-01,0.86,platform=M18,"Both are Milwaukee® products on the M18 battery platform, so the power source fits the tool.",974,816
2847-20,2909-21,powers,KG-PLT-01,0.86,platform=M18,"Both are Milwaukee® products on the M18 battery platform, so the power source fits the tool.",974,817
2847-20,2761-20,powers,KG-PLT-01,0.86,platform=M18,"Both are Milwaukee® products on the M18 battery platform, so the power source fits the tool.",974,862
2847-20,2837-20,powers,KG-PLT-01,0.86,platform=M18,"Both are Milwaukee® products on the M18 battery platform, so the power source fits the tool.",974,891
2847-20,2834-21HD,powers,KG-PLT-01,0.86,platform=M18,"Both are Milwaukee® products on the M18 battery platform, so the power source fits the tool.",974,934
391227,S21354,cross_reference,KG-XRF-01,0.7,spec=light bulb,Same item type and dimensions from a different manufacturer -- a substitution candidate.,452,469
567313,S21354,cross_reference,KG-XRF-01,0.7,spec=light bulb,Same item type and dimensions from a different manufacturer -- a substitution candidate.,472,469
565374,S21354,cross_reference,KG-XRF-01,0.7,spec=light bulb,Same item type and dimensions from a different manufacturer -- a substitution candidate.,476,469
565390,S21354,cross_reference,KG-XRF-01,0.7,spec=light bulb,Same item type and dimensions from a different manufacturer -- a substitution candidate.,477,469
565796,S21354,cross_reference,KG-XRF-01,0.7,spec=light bulb,Same item type and dimensions from a different manufacturer -- a substitution candidate.,481,469
586909,S21354,cross_reference,KG-XRF-01,0.7,spec=light bulb,Same item type and dimensions from a different manufacturer -- a substitution candidate.,485,469
3MABR-7100075678,3MABR-7100045865,variant_of,KG-VAR-01,0.9,family=F-7c033b57,"Same product family (F-7c033b57); these differ only on the varying axis such as size, grit or colour.",1,2
3MABR-7100075678,3MABR-7100048736,variant_of,KG-VAR-01,0.9,family=F-7c033b57,"Same product family (F-7c033b57); these differ only on the varying axis such as size, grit or colour.",1,3
3MABR-7100075678,3MABR-7100075690,variant_of,KG-VAR-01,0.9,family=F-7c033b57,"Same product family (F-7c033b57); these differ only on the varying axis such as size, grit or colour.",1,4
3MABR-7100075678,3MABR-7100075692,variant_of,KG-VAR-01,0.9,family=F-7c033b57,"Same product family (F-7c033b57); these differ only on the varying axis such as size, grit or colour.",1,5
3MABR-7100075678,3MABR-7100145365,variant_of,KG-VAR-01,0.9,family=F-7c033b57,"Same product family (F-7c033b57); these differ only on the varying axis such as size, grit or colour.",1,6
5B-332-080,5B-332-120,variant_of,KG-VAR-01,0.9,family=F-6b2a78d3,"Same product family (F-6b2a78d3); these differ only on the varying axis such as size, grit or colour.",7,8
9A-570-240,9A-570-320,variant_of,KG-VAR-01,0.9,family=F-baf4a308,"Same product family (F-baf4a308); these differ only on the varying axis such as size, grit or colour.",9,10
9A-570-240,9A-219-180,variant_of,KG-VAR-01,0.9,family=F-baf4a308,"Same product family (F-baf4a308); these differ only on the varying axis such as size, grit or colour.",9,803
9A-570-240,9A-219-120RP,variant_of,KG-VAR-01,0.9,family=F-baf4a308,"Same product family (F-baf4a308); these differ only on the varying axis such as size, grit or colour.",9,804
DBDS12125A01F,DBDS14125A01F,variant_of,KG-VAR-01,0.9,family=F-68dad25d,"Same product family (F-68dad25d); these differ only on the varying axis such as size, grit or colour.",12,14
DBDS12125A01F,DBDS14125G01F,variant_of,KG-VAR-01,0.9,family=F-68dad25d,"Same product family (F-68dad25d); these differ only on the varying axis such as size, grit or colour.",12,15
49-94-0013,49-94-0033,variant_of,KG-VAR-01,0.9,family=F-026909c1,"Same product family (F-026909c1); these differ only on the varying axis such as size, grit or colour.",16,18
49-94-0013,49-94-0001,variant_of,KG-VAR-01,0.9,family=F-026909c1,"Same product family (F-026909c1); these differ only on the varying axis such as size, grit or colour.",16,19
49-94-0013,49-94-0043,variant_of,KG-VAR-01,0.9,family=F-026909c1,"Same product family (F-026909c1); these differ only on the varying axis such as size, grit or colour.",16,21
49-94-0013,49-94-0053,variant_of,KG-VAR-01,0.9,family=F-026909c1,"Same product family (F-026909c1); these differ only on the varying axis such as size, grit or colour.",16,23
49-94-0013,49-94-0058,variant_of,KG-VAR-01,0.9,family=F-026909c1,"Same product family (F-026909c1); these differ only on the varying axis such as size, grit or colour.",16,24
49-94-0013,49-94-0068,variant_of,KG-VAR-01,0.9,family=F-026909c1,"Same product family (F-026909c1); these differ only on the varying axis such as size, grit or colour.",16,26
49-94-0013,49-94-0073,variant_of,KG-VAR-01,0.9,family=F-026909c1,"Same product family (F-026909c1); these differ only on the varying axis such as size, grit or colour.",16,27
49-94-0013,49-94-0023,variant_of,KG-VAR-01,0.9,family=F-026909c1,"Same product family (F-026909c1); these differ only on the varying axis such as size, grit or colour.",16,32
49-94-0029,49-94-0039,variant_of,KG-VAR-01,0.9,family=F-f95df508,"Same product family (F-f95df508); these differ only on the varying axis such as size, grit or colour.",17,20
49-94-0048,49-94-0063,variant_of,KG-VAR-01,0.9,family=F-349b428c,"Same product family (F-349b428c); these differ only on the varying axis such as size, grit or colour.",22,25
49-94-0107,49-94-0117,variant_of,KG-VAR-01,0.9,family=F-db0dfa8c,"Same product family (F-db0dfa8c); these differ only on the varying axis such as size, grit or colour.",29,30
49-94-0107,49-94-0123,variant_of,KG-VAR-01,0.9,family=F-db0dfa8c,"Same product family (F-db0dfa8c); these differ only on the varying axis such as size, grit or colour.",29,31
49-94-0107,49-94-0121,variant_of,KG-VAR-01,0.9,family=F-db0dfa8c,"Same product family (F-db0dfa8c); these differ only on the varying axis such as size, grit or colour.",29,33
49-94-0107,49-94-0127,variant_of,KG-VAR-01,0.9,family=F-db0dfa8c,"Same product family (F-db0dfa8c); these differ only on the varying axis such as size, grit or colour.",29,34
49-94-0107,49-94-0137,variant_of,KG-VAR-01,0.9,family=F-db0dfa8c,"Same product family (F-db0dfa8c); these differ only on the varying axis such as size, grit or colour.",29,35
49-94-0107,49-94-0160,variant_of,KG-VAR-01,0.9,family=F-db0dfa8c,"Same product family (F-db0dfa8c); these differ only on the varying axis such as size, grit or colour.",29,36
49-94-0107,49-94-0445,variant_of,KG-VAR-01,0.9,family=F-db0dfa8c,"Same product family (F-db0dfa8c); these differ only on the varying axis such as size, grit or colour.",29,38
49-94-0903,49-94-0923,variant_of,KG-VAR-01,0.9,family=F-8d9f22ef,"Same product family (F-8d9f22ef); these differ only on the varying axis such as size, grit or colour.",40,42
49-94-1900,49-94-1905,variant_of,KG-VAR-01,0.9,family=F-e8dd7e34,"Same product family (F-e8dd7e34); these differ only on the varying axis such as size, grit or colour.",43,44
49-94-1900,49-94-1925,variant_of,KG-VAR-01,0.9,family=F-e8dd7e34,"Same product family (F-e8dd7e34); these differ only on the varying axis such as size, grit or colour.",43,47
49-94-1900,49-94-1935,variant_of,KG-VAR-01,0.9,family=F-e8dd7e34,"Same product family (F-e8dd7e34); these differ only on the varying axis such as size, grit or colour.",43,48
49-94-1900,49-94-1940,variant_of,KG-VAR-01,0.9,family=F-e8dd7e34,"Same product family (F-e8dd7e34); these differ only on the varying axis such as size, grit or colour.",43,49
49-94-1915,49-94-1920,variant_of,KG-VAR-01,0.9,family=F-c3fdda0f,"Same product family (F-c3fdda0f); these differ only on the varying axis such as size, grit or colour.",45,46
49-94-0501,49-94-0503,variant_of,KG-VAR-01,0.9,family=F-16f9667b,"Same product family (F-16f9667b); these differ only on the varying axis such as size, grit or colour.",50,51
49-94-0501,49-94-0523,variant_of,KG-VAR-01,0.9,family=F-16f9667b,"Same product family (F-16f9667b); these differ only on the varying axis such as size, grit or colour.",50,52
49-94-0501,49-94-0513,variant_of,KG-VAR-01,0.9,family=F-16f9667b,"Same product family (F-16f9667b); these differ only on the varying axis such as size, grit or colour.",50,55
49-94-0501,49-94-0533,variant_of,KG-VAR-01,0.9,family=F-16f9667b,"Same product family (F-16f9667b); these differ only on the varying axis such as size, grit or colour.",50,56
49-94-1955,49-94-1965,variant_of,KG-VAR-01,0.9,family=F-55bbc6c9,"Same product family (F-55bbc6c9); these differ only on the varying axis such as size, grit or colour.",53,54
KDFM404KPS,PDT715SYVFS,variant_of,KG-VAR-01,0.9,family=F-f54e9212,"Same product family (F-f54e9212); these differ only on the varying axis such as size, grit or colour.",60,62
KDFM404KPS,PDD415PYYFS,variant_of,KG-VAR-01,0.9,family=F-f54e9212,"Same product family (F-f54e9212); these differ only on the varying axis such as size, grit or colour.",60,65
PDSH4816AF,WDTS7024RZ,variant_of,KG-VAR-01,0.9,family=F-b483a6e0,"Same product family (F-b483a6e0); these differ only on the varying axis such as size, grit or colour.",61,64
PDSH4816AF,KDTS624SBE,variant_of,KG-VAR-01,0.9,family=F-b483a6e0,"Same product family (F-b483a6e0); these differ only on the varying axis such as size, grit or colour.",61,69
KDTS424SBE,KDTS324SPS,variant_of,KG-VAR-01,0.9,family=F-c1985a4a,"Same product family (F-c1985a4a); these differ only on the varying axis such as size, grit or colour.",66,67
DR7004BE,DV2000WE,variant_of,KG-VAR-01,0.9,family=F-286d847f,"Same product family (F-286d847f); these differ only on the varying axis such as size, grit or colour.",72,73
DR7004BE,DC5004WE,variant_of,KG-VAR-01,0.9,family=F-286d847f,"Same product family (F-286d847f); these differ only on the varying axis such as size, grit or colour.",72,74
DR7004BE,DC5004BE,variant_of,KG-VAR-01,0.9,family=F-286d847f,"Same product family (F-286d847f); these differ only on the varying axis such as size, grit or colour.",72,75
FF7011WN,TR7006WN,variant_of,KG-VAR-01,0.9,family=F-c129039f,"Same product family (F-c129039f); these differ only on the varying axis such as size, grit or colour.",77,90
FF7011WN,TR7006BN,variant_of,KG-VAR-01,0.9,family=F-c129039f,"Same product family (F-c129039f); these differ only on the varying axis such as size, grit or colour.",77,91
FF7011WN,TR5006WN,variant_of,KG-VAR-01,0.9,family=F-c129039f,"Same product family (F-c129039f); these differ only on the varying axis such as size, grit or colour.",77,92
PTD70GBPTDG,PTD70GBSTWS,variant_of,KG-VAR-01,0.9,family=F-65a898bb,"Same product family (F-65a898bb); these differ only on the varying axis such as size, grit or colour.",78,79
PTD70GBPTDG,DR5004WG,variant_of,KG-VAR-01,0.9,family=F-65a898bb,"Same product family (F-65a898bb); these differ only on the varying axis such as size, grit or colour.",78,80
PTD70GBPTDG,DR7004BG,variant_of,KG-VAR-01,0.9,family=F-65a898bb,"Same product family (F-65a898bb); these differ only on the varying axis such as size, grit or colour.",78,81
PTD70GBPTDG,DR7004WG,variant_of,KG-VAR-01,0.9,family=F-65a898bb,"Same product family (F-65a898bb); these differ only on the varying axis such as size, grit or colour.",78,82
PTD70GBPTDG,DV2000WG,variant_of,KG-VAR-01,0.9,family=F-65a898bb,"Same product family (F-65a898bb); these differ only on the varying axis such as size, grit or colour.",78,83
PTD70GBPTDG,DC5004WG,variant_of,KG-VAR-01,0.9,family=F-65a898bb,"Same product family (F-65a898bb); these differ only on the varying axis such as size, grit or colour.",78,84
PTD70GBPTDG,DC5004BG,variant_of,KG-VAR-01,0.9,family=F-65a898bb,"Same product family (F-65a898bb); these differ only on the varying axis such as size, grit or colour.",78,85
PTW705BSTWS,TC5003BN,variant_of,KG-VAR-01,0.9,family=F-c3b6a0e6,"Same product family (F-c3b6a0e6); these differ only on the varying axis such as size, grit or colour.",86,89
543302126,543302146,variant_of,KG-VAR-01,0.9,family=F-911753f9,"Same product family (F-911753f9); these differ only on the varying axis such as size, grit or colour.",99,100
73019603,73019652,variant_of,KG-VAR-01,0.9,family=F-400d62ec,"Same product family (F-400d62ec); these differ only on the varying axis such as size, grit or colour.",101,102
73019603,73019517,variant_of,KG-VAR-01,0.9,family=F-400d62ec,"Same product family (F-400d62ec); these differ only on the varying axis such as size, grit or colour.",101,103
73019602,73019651,variant_of,KG-VAR-01,0.9,family=F-11c296c7,"Same product family (F-11c296c7); these differ only on the varying axis such as size, grit or colour.",104,105
73019602,73019516,variant_of,KG-VAR-01,0.9,family=F-11c296c7,"Same product family (F-11c296c7); these differ only on the varying axis such as size, grit or colour.",104,106
543300256,543300276,variant_of,KG-VAR-01,0.9,family=F-2c5d9227,"Same product family (F-2c5d9227); these differ only on the varying axis such as size, grit or colour.",107,108
543340126,543340146,variant_of,KG-VAR-01,0.9,family=F-a2854801,"Same product family (F-a2854801); these differ only on the varying axis such as size, grit or colour.",111,113
543340127,543340147,variant_of,KG-VAR-01,0.9,family=F-2ef15f44,"Same product family (F-2ef15f44); these differ only on the varying axis such as size, grit or colour.",112,114
ADB15516CS,ADB15520CS,variant_of,KG-VAR-01,0.9,family=F-487a8574,"Same product family (F-487a8574); these differ only on the varying axis such as size, grit or colour.",115,116
ADB15516EW,ADB15520EW,variant_of,KG-VAR-01,0.9,family=F-901ac5cd,"Same product family (F-901ac5cd); these differ only on the varying axis such as size, grit or colour.",117,118
ADB15516MH,ADB15520MH,variant_of,KG-VAR-01,0.9,family=F-c0e4f644,"Same product family (F-c0e4f644); these differ only on the varying axis such as size, grit or colour.",119,120
ADB15516WT,ADB15520WT,variant_of,KG-VAR-01,0.9,family=F-2e7fed1b,"Same product family (F-2e7fed1b); these differ only on the varying axis such as size, grit or colour.",121,122
AGB15512CS,AGB15516CS,variant_of,KG-VAR-01,0.9,family=F-6c9a3a58,"Same product family (F-6c9a3a58); these differ only on the varying axis such as size, grit or colour.",123,124
AGB15512CS,AGB15520CS,variant_of,KG-VAR-01,0.9,family=F-6c9a3a58,"Same product family (F-6c9a3a58); these differ only on the varying axis such as size, grit or colour.",123,125
AGB15512EW,AGB15516EW,variant_of,KG-VAR-01,0.9,family=F-0368e5ba,"Same product family (F-0368e5ba); these differ only on the varying axis such as size, grit or colour.",126,127
AGB15512EW,AGB15520EW,variant_of,KG-VAR-01,0.9,family=F-0368e5ba,"Same product family (F-0368e5ba); these differ only on the varying axis such as size, grit or colour.",126,128
AGB15512MH,AGB15516MH,variant_of,KG-VAR-01,0.9,family=F-803f2622,"Same product family (F-803f2622); these differ only on the varying axis such as size, grit or colour.",129,130
AGB15512MH,AGB15520MH,variant_of,KG-VAR-01,0.9,family=F-803f2622,"Same product family (F-803f2622); these differ only on the varying axis such as size, grit or colour.",129,131
AGB15512WT,AGB15516WT,variant_of,KG-VAR-01,0.9,family=F-32efcd1e,"Same product family (F-32efcd1e); these differ only on the varying axis such as size, grit or colour.",132,133
AGB15512WT,AGB15520WT,variant_of,KG-VAR-01,0.9,family=F-32efcd1e,"Same product family (F-32efcd1e); these differ only on the varying axis such as size, grit or colour.",132,134
ADB15516AW,ADB15520AW,variant_of,KG-VAR-01,0.9,family=F-1ac60ff9,"Same product family (F-1ac60ff9); these differ only on the varying axis such as size, grit or colour.",135,136
ADB15516CG,ADB15520CG,variant_of,KG-VAR-01,0.9,family=F-30889144,"Same product family (F-30889144); these differ only on the varying axis such as size, grit or colour.",137,138
ADB15516FW,ADB15520FW,variant_of,KG-VAR-01,0.9,family=F-5d2ae107,"Same product family (F-5d2ae107); these differ only on the varying axis such as size, grit or colour.",139,140
AGB15512AW,AGB15516AW,variant_of,KG-VAR-01,0.9,family=F-4ea52297,"Same product family (F-4ea52297); these differ only on the varying axis such as size, grit or colour.",141,142
AGB15512AW,AGB15520AW,variant_of,KG-VAR-01,0.9,family=F-4ea52297,"Same product family (F-4ea52297); these differ only on the varying axis such as size, grit or colour.",141,143
AGB15512CG,AGB15516CG,variant_of,KG-VAR-01,0.9,family=F-7faa1d5d,"Same product family (F-7faa1d5d); these differ only on the varying axis such as size, grit or colour.",144,145
AGB15512CG,AGB15520CG,variant_of,KG-VAR-01,0.9,family=F-7faa1d5d,"Same product family (F-7faa1d5d); these differ only on the varying axis such as size, grit or colour.",144,146
AGB15512FW,AGB15516FW,variant_of,KG-VAR-01,0.9,family=F-ea1f1c9a,"Same product family (F-ea1f1c9a); these differ only on the varying axis such as size, grit or colour.",147,148
AGB15512FW,AGB15520FW,variant_of,KG-VAR-01,0.9,family=F-ea1f1c9a,"Same product family (F-ea1f1c9a); these differ only on the varying axis such as size, grit or colour.",147,149
ADCB15516BS,ADCB15520BS,variant_of,KG-VAR-01,0.9,family=F-2e6accfa,"Same product family (F-2e6accfa); these differ only on the varying axis such as size, grit or colour.",150,151
ADCB15516SG,ADCB15520SG,variant_of,KG-VAR-01,0.9,family=F-b15648e7,"Same product family (F-b15648e7); these differ only on the varying axis such as size, grit or colour.",152,153
AGB15512BS,AGB15516BS,variant_of,KG-VAR-01,0.9,family=F-6a1c115a,"Same product family (F-6a1c115a); these differ only on the varying axis such as size, grit or colour.",154,155
AGB15512BS,AGB15520BS,variant_of,KG-VAR-01,0.9,family=F-6a1c115a,"Same product family (F-6a1c115a); these differ only on the varying axis such as size, grit or colour.",154,156
AGB15512SG,AGB15516SG,variant_of,KG-VAR-01,0.9,family=F-5d4177d4,"Same product family (F-5d4177d4); these differ only on the varying axis such as size, grit or colour.",157,158
AGB15512SG,AGB15520SG,variant_of,KG-VAR-01,0.9,family=F-5d4177d4,"Same product family (F-5d4177d4); these differ only on the varying axis such as size, grit or colour.",157,159
543140016,543140020,variant_of,KG-VAR-01,0.9,family=F-cc833be2,"Same product family (F-cc833be2); these differ only on the varying axis such as size, grit or colour.",160,161
543142016,543142020,variant_of,KG-VAR-01,0.9,family=F-496aba0a,"Same product family (F-496aba0a); these differ only on the varying axis such as size, grit or colour.",162,163
543144016,543144020,variant_of,KG-VAR-01,0.9,family=F-1a5d0e12,"Same product family (F-1a5d0e12); these differ only on the varying axis such as size, grit or colour.",164,165
543143016,543143020,variant_of,KG-VAR-01,0.9,family=F-f1dd432c,"Same product family (F-f1dd432c); these differ only on the varying axis such as size, grit or colour.",166,167
543141016,543141020,variant_of,KG-VAR-01,0.9,family=F-06687e3a,"Same product family (F-06687e3a); these differ only on the varying axis such as size, grit or colour.",168,169
543140412,543140416,variant_of,KG-VAR-01,0.9,family=F-2a4c8c8f,"Same product family (F-2a4c8c8f); these differ only on the varying axis such as size, grit or colour.",170,171
543140412,543140420,variant_of,KG-VAR-01,0.9,family=F-2a4c8c8f,"Same product family (F-2a4c8c8f); these differ only on the varying axis such as size, grit or colour.",170,172
543142412,543142416,variant_of,KG-VAR-01,0.9,family=F-9d3f5a8b,"Same product family (F-9d3f5a8b); these differ only on the varying axis such as size, grit or colour.",173,174
543142412,543142420,variant_of,KG-VAR-01,0.9,family=F-9d3f5a8b,"Same product family (F-9d3f5a8b); these differ only on the varying axis such as size, grit or colour.",173,175
543144412,543144416,variant_of,KG-VAR-01,0.9,family=F-36d97840,"Same product family (F-36d97840); these differ only on the varying axis such as size, grit or colour.",176,177
543144412,543144420,variant_of,KG-VAR-01,0.9,family=F-36d97840,"Same product family (F-36d97840); these differ only on the varying axis such as size, grit or colour.",176,178
543143412,543143416,variant_of,KG-VAR-01,0.9,family=F-96539d43,"Same product family (F-96539d43); these differ only on the varying axis such as size, grit or colour.",179,180
543143412,543143420,variant_of,KG-VAR-01,0.9,family=F-96539d43,"Same product family (F-96539d43); these differ only on the varying axis such as size, grit or colour.",179,181
543141412,543141416,variant_of,KG-VAR-01,0.9,family=F-815fb41f,"Same product family (F-815fb41f); these differ only on the varying axis such as size, grit or colour.",182,183
543141412,543141420,variant_of,KG-VAR-01,0.9,family=F-815fb41f,"Same product family (F-815fb41f); these differ only on the varying axis such as size, grit or colour.",182,184
1513703,1513704,variant_of,KG-VAR-01,0.9,family=F-b5aa057b,"Same product family (F-b5aa057b); these differ only on the varying axis such as size, grit or colour.",185,186
1513705,1513706,variant_of,KG-VAR-01,0.9,family=F-cf685675,"Same product family (F-cf685675); these differ only on the varying axis such as size, grit or colour.",187,188
1513705,1513707,variant_of,KG-VAR-01,0.9,family=F-cf685675,"Same product family (F-cf685675); these differ only on the varying axis such as size, grit or colour.",187,189
1513708,1513709,variant_of,KG-VAR-01,0.9,family=F-06b66aff,"Same product family (F-06b66aff); these differ only on the varying axis such as size, grit or colour.",190,191
1513710,1513711,variant_of,KG-VAR-01,0.9,family=F-f0f9eedf,"Same product family (F-f0f9eedf); these differ only on the varying axis such as size, grit or colour.",192,193
1513710,1513712,variant_of,KG-VAR-01,0.9,family=F-f0f9eedf,"Same product family (F-f0f9eedf); these differ only on the varying axis such as size, grit or colour.",192,194
1513717,1513718,variant_of,KG-VAR-01,0.9,family=F-e5b5d27e,"Same product family (F-e5b5d27e); these differ only on the varying axis such as size, grit or colour.",195,196
1513719,1513720,variant_of,KG-VAR-01,0.9,family=F-b46736b5,"Same product family (F-b46736b5); these differ only on the varying axis such as size, grit or colour.",197,198
1513719,1513721,variant_of,KG-VAR-01,0.9,family=F-b46736b5,"Same product family (F-b46736b5); these differ only on the varying axis such as size, grit or colour.",197,199
1513724,1513725,variant_of,KG-VAR-01,0.9,family=F-387e9412,"Same product family (F-387e9412); these differ only on the varying axis such as size, grit or colour.",200,201
1513726,1513727,variant_of,KG-VAR-01,0.9,family=F-05f17eb5,"Same product family (F-05f17eb5); these differ only on the varying axis such as size, grit or colour.",202,203
1513726,1513728,variant_of,KG-VAR-01,0.9,family=F-05f17eb5,"Same product family (F-05f17eb5); these differ only on the varying axis such as size, grit or colour.",202,204
543076016,543076020,variant_of,KG-VAR-01,0.9,family=F-c0c06773,"Same product family (F-c0c06773); these differ only on the varying axis such as size, grit or colour.",205,206
543076412,543076416,variant_of,KG-VAR-01,0.9,family=F-17aaae43,"Same product family (F-17aaae43); these differ only on the varying axis such as size, grit or colour.",207,208
543076412,543076420,variant_of,KG-VAR-01,0.9,family=F-17aaae43,"Same product family (F-17aaae43); these differ only on the varying axis such as size, grit or colour.",207,209
1516870,1516871,variant_of,KG-VAR-01,0.9,family=F-558756c7,"Same product family (F-558756c7); these differ only on the varying axis such as size, grit or colour.",210,211
1516872,1516873,variant_of,KG-VAR-01,0.9,family=F-72285c3b,"Same product family (F-72285c3b); these differ only on the varying axis such as size, grit or colour.",212,213
1516872,1516874,variant_of,KG-VAR-01,0.9,family=F-72285c3b,"Same product family (F-72285c3b); these differ only on the varying axis such as size, grit or colour.",212,214
1516879,1516880,variant_of,KG-VAR-01,0.9,family=F-14e24033,"Same product family (F-14e24033); these differ only on the varying axis such as size, grit or colour.",215,216
1516881,1516882,variant_of,KG-VAR-01,0.9,family=F-189eb7bf,"Same product family (F-189eb7bf); these differ only on the varying axis such as size, grit or colour.",217,218
1516881,1516883,variant_of,KG-VAR-01,0.9,family=F-189eb7bf,"Same product family (F-189eb7bf); these differ only on the varying axis such as size, grit or colour.",217,219
543005016,543005020,variant_of,KG-VAR-01,0.9,family=F-f83c8901,"Same product family (F-f83c8901); these differ only on the varying axis such as size, grit or colour.",220,221
543005412,543005416,variant_of,KG-VAR-01,0.9,family=F-79059d14,"Same product family (F-79059d14); these differ only on the varying axis such as size, grit or colour.",222,223
543005412,543005420,variant_of,KG-VAR-01,0.9,family=F-79059d14,"Same product family (F-79059d14); these differ only on the varying axis such as size, grit or colour.",222,224
1516891,1516892,variant_of,KG-VAR-01,0.9,family=F-3c62cc22,"Same product family (F-3c62cc22); these differ only on the varying axis such as size, grit or colour.",225,226
1516893,1516894,variant_of,KG-VAR-01,0.9,family=F-1b66075c,"Same product family (F-1b66075c); these differ only on the varying axis such as size, grit or colour.",227,228
1516893,1516895,variant_of,KG-VAR-01,0.9,family=F-1b66075c,"Same product family (F-1b66075c); these differ only on the varying axis such as size, grit or colour.",227,229
543007016,543007020,variant_of,KG-VAR-01,0.9,family=F-36fc278b,"Same product family (F-36fc278b); these differ only on the varying axis such as size, grit or colour.",230,231
543007412,543007416,variant_of,KG-VAR-01,0.9,family=F-c64848d7,"Same product family (F-c64848d7); these differ only on the varying axis such as size, grit or colour.",232,233
543007412,543007420,variant_of,KG-VAR-01,0.9,family=F-c64848d7,"Same product family (F-c64848d7); these differ only on the varying axis such as size, grit or colour.",232,234
1508395,ADCR5117512BS,variant_of,KG-VAR-01,0.9,family=F-7fb60ccd,"Same product family (F-7fb60ccd); these differ only on the varying axis such as size, grit or colour.",241,243
1508396,ADCR5117512SG,variant_of,KG-VAR-01,0.9,family=F-0fb90a49,"Same product family (F-0fb90a49); these differ only on the varying axis such as size, grit or colour.",242,244
543140908,543140912,variant_of,KG-VAR-01,0.9,family=F-6395321b,"Same product family (F-6395321b); these differ only on the varying axis such as size, grit or colour.",245,248
543142908,543142912,variant_of,KG-VAR-01,0.9,family=F-18ab8f0d,"Same product family (F-18ab8f0d); these differ only on the varying axis such as size, grit or colour.",246,249
543143908,543143912,variant_of,KG-VAR-01,0.9,family=F-1097ec64,"Same product family (F-1097ec64); these differ only on the varying axis such as size, grit or colour.",247,250
1513715,1513713,variant_of,KG-VAR-01,0.9,family=F-7dce249e,"Same product family (F-7dce249e); these differ only on the varying axis such as size, grit or colour.",251,273
1513716,1513714,variant_of,KG-VAR-01,0.9,family=F-a9ae4988,"Same product family (F-a9ae4988); these differ only on the varying axis such as size, grit or colour.",252,274
1513722,1513723,variant_of,KG-VAR-01,0.9,family=F-5f94f781,"Same product family (F-5f94f781); these differ only on the varying axis such as size, grit or colour.",253,254
1513729,1513730,variant_of,KG-VAR-01,0.9,family=F-813ed8f0,"Same product family (F-813ed8f0); these differ only on the varying axis such as size, grit or colour.",255,256
543076916,543076936,variant_of,KG-VAR-01,0.9,family=F-2d93a780,"Same product family (F-2d93a780); these differ only on the varying axis such as size, grit or colour.",257,259
1516876,1516878,variant_of,KG-VAR-01,0.9,family=F-4606ac4f,"Same product family (F-4606ac4f); these differ only on the varying axis such as size, grit or colour.",258,260
1516884,1516885,variant_of,KG-VAR-01,0.9,family=F-ced44571,"Same product family (F-ced44571); these differ only on the varying axis such as size, grit or colour.",261,262
543005916,543005936,variant_of,KG-VAR-01,0.9,family=F-508bf15e,"Same product family (F-508bf15e); these differ only on the varying axis such as size, grit or colour.",263,266
1516902,1516905,variant_of,KG-VAR-01,0.9,family=F-c083b4e7,"Same product family (F-c083b4e7); these differ only on the varying axis such as size, grit or colour.",264,267
543007916,543007936,variant_of,KG-VAR-01,0.9,family=F-64e7a878,"Same product family (F-64e7a878); these differ only on the varying axis such as size, grit or colour.",265,268
543144908,543144912,variant_of,KG-VAR-01,0.9,family=F-8c1786cf,"Same product family (F-8c1786cf); these differ only on the varying axis such as size, grit or colour.",269,271
543141908,543141912,variant_of,KG-VAR-01,0.9,family=F-a4089352,"Same product family (F-a4089352); these differ only on the varying axis such as size, grit or colour.",270,272
73018131,73018091,variant_of,KG-VAR-01,0.9,family=F-9d6cdf88,"Same product family (F-9d6cdf88); these differ only on the varying axis such as size, grit or colour.",276,277
73018731,61109090,variant_of,KG-VAR-01,0.9,family=F-6d2cf554,"Same product family (F-6d2cf554); these differ only on the varying axis such as size, grit or colour.",281,282
73053603,73053608,variant_of,KG-VAR-01,0.9,family=F-94f3a645,"Same product family (F-94f3a645); these differ only on the varying axis such as size, grit or colour.",283,284
543340896,543340898,variant_of,KG-VAR-01,0.9,family=F-7085767b,"Same product family (F-7085767b); these differ only on the varying axis such as size, grit or colour.",285,286
543302127,543302147,variant_of,KG-VAR-01,0.9,family=F-f63db20a,"Same product family (F-f63db20a); these differ only on the varying axis such as size, grit or colour.",288,289
73019599,73019648,variant_of,KG-VAR-01,0.9,family=F-cbd0cffa,"Same product family (F-cbd0cffa); these differ only on the varying axis such as size, grit or colour.",290,291
73019598,73019647,variant_of,KG-VAR-01,0.9,family=F-ec3aac3e,"Same product family (F-ec3aac3e); these differ only on the varying axis such as size, grit or colour.",292,293
543300257,543300277,variant_of,KG-VAR-01,0.9,family=F-d0952dee,"Same product family (F-d0952dee); these differ only on the varying axis such as size, grit or colour.",294,295
1517602,1517603,variant_of,KG-VAR-01,0.9,family=F-c417013b,"Same product family (F-c417013b); these differ only on the varying axis such as size, grit or colour.",299,300
1517604,1517605,variant_of,KG-VAR-01,0.9,family=F-914c168e,"Same product family (F-914c168e); these differ only on the varying axis such as size, grit or colour.",301,302
FS C01 2004S,FS C04 2004S,variant_of,KG-VAR-01,0.9,family=F-3328d449,"Same product family (F-3328d449); these differ only on the varying axis such as size, grit or colour.",303,304
FS C01 2004S,FS C06 2004S,variant_of,KG-VAR-01,0.9,family=F-3328d449,"Same product family (F-3328d449); these differ only on the varying axis such as size, grit or colour.",303,305
1501831,1501832,variant_of,KG-VAR-01,0.9,family=F-09190d25,"Same product family (F-09190d25); these differ only on the varying axis such as size, grit or colour.",306,307
413S-DBA-36,413S-DBA-72,variant_of,KG-VAR-01,0.9,family=F-8a233f89,"Same product family (F-8a233f89); these differ only on the varying axis such as size, grit or colour.",311,312
1513577,1513578,variant_of,KG-VAR-01,0.9,family=F-30cd5dbc,"Same product family (F-30cd5dbc); these differ only on the varying axis such as size, grit or colour.",314,315
1513577,1513579,variant_of,KG-VAR-01,0.9,family=F-30cd5dbc,"Same product family (F-30cd5dbc); these differ only on the varying axis such as size, grit or colour.",314,316
1513577,1513580,variant_of,KG-VAR-01,0.9,family=F-30cd5dbc,"Same product family (F-30cd5dbc); these differ only on the varying axis such as size, grit or colour.",314,317
PP-8BL,PP-10BL,variant_of,KG-VAR-01,0.9,family=F-a4475db7,"Same product family (F-a4475db7); these differ only on the varying axis such as size, grit or colour.",319,320
PP-8BL,PP-12BL,variant_of,KG-VAR-01,0.9,family=F-a4475db7,"Same product family (F-a4475db7); these differ only on the varying axis such as size, grit or colour.",319,321
PP-8CH,PP-10CH,variant_of,KG-VAR-01,0.9,family=F-ef19266c,"Same product family (F-ef19266c); these differ only on the varying axis such as size, grit or colour.",322,323
PP-8CH,PP-12CH,variant_of,KG-VAR-01,0.9,family=F-ef19266c,"Same product family (F-ef19266c); these differ only on the varying axis such as size, grit or colour.",322,324
PP-8WH,PP-10WH,variant_of,KG-VAR-01,0.9,family=F-0caa6bde,"Same product family (F-0caa6bde); these differ only on the varying axis such as size, grit or colour.",325,326
1506969,1514681,variant_of,KG-VAR-01,0.9,family=F-857ab69d,"Same product family (F-857ab69d); these differ only on the varying axis such as size, grit or colour.",339,340
1506969,1514726,variant_of,KG-VAR-01,0.9,family=F-857ab69d,"Same product family (F-857ab69d); these differ only on the varying axis such as size, grit or colour.",339,341
52C3-5/8-UPC,52C14-5/8-UPC,variant_of,KG-VAR-01,0.9,family=F-8ff78409,"Same product family (F-8ff78409); these differ only on the varying axis such as size, grit or colour.",351,352
52C3-5/8-UPC,52C3-UPC,variant_of,KG-VAR-01,0.9,family=F-8ff78409,"Same product family (F-8ff78409); these differ only on the varying axis such as size, grit or colour.",351,353
AYCL-153PH-LA,AYCL-153PH-WH,variant_of,KG-VAR-01,0.9,family=F-942892b3,"Same product family (F-942892b3); these differ only on the varying axis such as size, grit or colour.",361,362
45297BK,55155BK,variant_of,KG-VAR-01,0.9,family=F-10385ab7,"Same product family (F-10385ab7); these differ only on the varying axis such as size, grit or colour.",370,376
45297BK,55184BK,variant_of,KG-VAR-01,0.9,family=F-10385ab7,"Same product family (F-10385ab7); these differ only on the varying axis such as size, grit or colour.",370,378
45297BK,55185BK,variant_of,KG-VAR-01,0.9,family=F-10385ab7,"Same product family (F-10385ab7); these differ only on the varying axis such as size, grit or colour.",370,379
45297BK,55186CH,variant_of,KG-VAR-01,0.9,family=F-10385ab7,"Same product family (F-10385ab7); these differ only on the varying axis such as size, grit or colour.",370,380
45297BK,55239CPZLED,variant_of,KG-VAR-01,0.9,family=F-10385ab7,"Same product family (F-10385ab7); these differ only on the varying axis such as size, grit or colour.",370,386
45297BK,45495BKCLR,variant_of,KG-VAR-01,0.9,family=F-10385ab7,"Same product family (F-10385ab7); these differ only on the varying axis such as size, grit or colour.",370,447
45297BK,59061BSL,variant_of,KG-VAR-01,0.9,family=F-10385ab7,"Same product family (F-10385ab7); these differ only on the varying axis such as size, grit or colour.",370,579
45297BK,59062BSL,variant_of,KG-VAR-01,0.9,family=F-10385ab7,"Same product family (F-10385ab7); these differ only on the varying axis such as size, grit or colour.",370,580
45297BK,59124BKT,variant_of,KG-VAR-01,0.9,family=F-10385ab7,"Same product family (F-10385ab7); these differ only on the varying axis such as size, grit or colour.",370,581
45573BK,45973BK,variant_of,KG-VAR-01,0.9,family=F-54150fcc,"Same product family (F-54150fcc); these differ only on the varying axis such as size, grit or colour.",371,375
45573BK,55157CPZ,variant_of,KG-VAR-01,0.9,family=F-54150fcc,"Same product family (F-54150fcc); these differ only on the varying axis such as size, grit or colour.",371,377
45573BK,55210NI,variant_of,KG-VAR-01,0.9,family=F-54150fcc,"Same product family (F-54150fcc); these differ only on the varying axis such as size, grit or colour.",371,381
45573BK,55211BK,variant_of,KG-VAR-01,0.9,family=F-54150fcc,"Same product family (F-54150fcc); these differ only on the varying axis such as size, grit or colour.",371,382
45573BK,55211NI,variant_of,KG-VAR-01,0.9,family=F-54150fcc,"Same product family (F-54150fcc); these differ only on the varying axis such as size, grit or colour.",371,383
45573BK,55212NI,variant_of,KG-VAR-01,0.9,family=F-54150fcc,"Same product family (F-54150fcc); these differ only on the varying axis such as size, grit or colour.",371,384
37418A,37423A,variant_of,KG-VAR-01,0.9,family=F-c8509c97,"Same product family (F-c8509c97); these differ only on the varying axis such as size, grit or colour.",372,373
37418A,45496BKCLR,variant_of,KG-VAR-01,0.9,family=F-c8509c97,"Same product family (F-c8509c97); these differ only on the varying axis such as size, grit or colour.",372,374
44072DBK,44073NI,variant_of,KG-VAR-01,0.9,family=F-50b588e6,"Same product family (F-50b588e6); these differ only on the varying axis such as size, grit or colour.",387,388
44072DBK,52033BK,variant_of,KG-VAR-01,0.9,family=F-50b588e6,"Same product family (F-50b588e6); these differ only on the varying axis such as size, grit or colour.",387,389
44072DBK,84322WH,variant_of,KG-VAR-01,0.9,family=F-50b588e6,"Same product family (F-50b588e6); these differ only on the varying axis such as size, grit or colour.",387,390
44072DBK,52404BK,variant_of,KG-VAR-01,0.9,family=F-50b588e6,"Same product family (F-50b588e6); these differ only on the varying axis such as size, grit or colour.",387,391
44072DBK,34686A,variant_of,KG-VAR-01,0.9,family=F-50b588e6,"Same product family (F-50b588e6); these differ only on the varying axis such as size, grit or colour.",387,392
44072DBK,34687A,variant_of,KG-VAR-01,0.9,family=F-50b588e6,"Same product family (F-50b588e6); these differ only on the varying axis such as size, grit or colour.",387,393
44072DBK,52616BK,variant_of,KG-VAR-01,0.9,family=F-50b588e6,"Same product family (F-50b588e6); these differ only on the varying axis such as size, grit or colour.",387,396
44072DBK,52616NI,variant_of,KG-VAR-01,0.9,family=F-50b588e6,"Same product family (F-50b588e6); these differ only on the varying axis such as size, grit or colour.",387,397
44072DBK,52678BK,variant_of,KG-VAR-01,0.9,family=F-50b588e6,"Same product family (F-50b588e6); these differ only on the varying axis such as size, grit or colour.",387,398
44072DBK,52680CPZ,variant_of,KG-VAR-01,0.9,family=F-50b588e6,"Same product family (F-50b588e6); these differ only on the varying axis such as size, grit or colour.",387,399
44072DBK,52772BK,variant_of,KG-VAR-01,0.9,family=F-50b588e6,"Same product family (F-50b588e6); these differ only on the varying axis such as size, grit or colour.",387,400
44072DBK,82399,variant_of,KG-VAR-01,0.9,family=F-50b588e6,"Same product family (F-50b588e6); these differ only on the varying axis such as size, grit or colour.",387,401
42955BK,42275BK,variant_of,KG-VAR-01,0.9,family=F-75d5fb53,"Same product family (F-75d5fb53); these differ only on the varying axis such as size, grit or colour.",403,404
42955BK,42296BK,variant_of,KG-VAR-01,0.9,family=F-75d5fb53,"Same product family (F-75d5fb53); these differ only on the varying axis such as size, grit or colour.",403,409
42955BK,43849WH5CCT,variant_of,KG-VAR-01,0.9,family=F-75d5fb53,"Same product family (F-75d5fb53); these differ only on the varying axis such as size, grit or colour.",403,440
62-1875,62-1784,variant_of,KG-VAR-01,0.9,family=F-60418571,"Same product family (F-60418571); these differ only on the varying axis such as size, grit or colour.",407,443
43913BK,52476AVI,variant_of,KG-VAR-01,0.9,family=F-38e1c3b9,"Same product family (F-38e1c3b9); these differ only on the varying axis such as size, grit or colour.",410,415
43913BK,42199BK,variant_of,KG-VAR-01,0.9,family=F-38e1c3b9,"Same product family (F-38e1c3b9); these differ only on the varying axis such as size, grit or colour.",410,416
43913BK,42199BKCS,variant_of,KG-VAR-01,0.9,family=F-38e1c3b9,"Same product family (F-38e1c3b9); these differ only on the varying axis such as size, grit or colour.",410,417
43913BK,42200BK,variant_of,KG-VAR-01,0.9,family=F-38e1c3b9,"Same product family (F-38e1c3b9); these differ only on the varying axis such as size, grit or colour.",410,418
43913BK,42200BKCS,variant_of,KG-VAR-01,0.9,family=F-38e1c3b9,"Same product family (F-38e1c3b9); these differ only on the varying axis such as size, grit or colour.",410,419
43913BK,43851BK,variant_of,KG-VAR-01,0.9,family=F-38e1c3b9,"Same product family (F-38e1c3b9); these differ only on the varying axis such as size, grit or colour.",410,420
43913BK,43852BK,variant_of,KG-VAR-01,0.9,family=F-38e1c3b9,"Same product family (F-38e1c3b9); these differ only on the varying axis such as size, grit or colour.",410,421
43913BK,43853BK,variant_of,KG-VAR-01,0.9,family=F-38e1c3b9,"Same product family (F-38e1c3b9); these differ only on the varying axis such as size, grit or colour.",410,422
43913BK,43905BK,variant_of,KG-VAR-01,0.9,family=F-38e1c3b9,"Same product family (F-38e1c3b9); these differ only on the varying axis such as size, grit or colour.",410,423
43913BK,43911BK,variant_of,KG-VAR-01,0.9,family=F-38e1c3b9,"Same product family (F-38e1c3b9); these differ only on the varying axis such as size, grit or colour.",410,424
43913BK,52662BKCLR,variant_of,KG-VAR-01,0.9,family=F-38e1c3b9,"Same product family (F-38e1c3b9); these differ only on the varying axis such as size, grit or colour.",410,426
43913BK,82400,variant_of,KG-VAR-01,0.9,family=F-38e1c3b9,"Same product family (F-38e1c3b9); these differ only on the varying axis such as size, grit or colour.",410,428
52529BK,52734CPZ,variant_of,KG-VAR-01,0.9,family=F-4c051e35,"Same product family (F-4c051e35); these differ only on the varying axis such as size, grit or colour.",425,427
S11848,S11849,variant_of,KG-VAR-01,0.9,family=F-8bf50d09,"Same product family (F-8bf50d09); these differ only on the varying axis such as size, grit or colour.",436,437
62-1777,62-1778,variant_of,KG-VAR-01,0.9,family=F-4bd53939,"Same product family (F-4bd53939); these differ only on the varying axis such as size, grit or colour.",441,442
62-1777,62-1787,variant_of,KG-VAR-01,0.9,family=F-4bd53939,"Same product family (F-4bd53939); these differ only on the varying axis such as size, grit or colour.",441,444
62-1777,62-1788,variant_of,KG-VAR-01,0.9,family=F-4bd53939,"Same product family (F-4bd53939); these differ only on the varying axis such as size, grit or colour.",441,445
141465,392225,variant_of,KG-VAR-01,0.9,family=F-4a8a1d1a,"Same product family (F-4a8a1d1a); these differ only on the varying axis such as size, grit or colour.",451,453
391227,567313,variant_of,KG-VAR-01,0.9,family=F-400fbb48,"Same product family (F-400fbb48); these differ only on the varying axis such as size, grit or colour.",452,472
391227,564856,variant_of,KG-VAR-01,0.9,family=F-400fbb48,"Same product family (F-400fbb48); these differ only on the varying axis such as size, grit or colour.",452,480
391227,566364,variant_of,KG-VAR-01,0.9,family=F-400fbb48,"Same product family (F-400fbb48); these differ only on the varying axis such as size, grit or colour.",452,486
391227,576397,variant_of,KG-VAR-01,0.9,family=F-400fbb48,"Same product family (F-400fbb48); these differ only on the varying axis such as size, grit or colour.",452,487
391227,574004,variant_of,KG-VAR-01,0.9,family=F-400fbb48,"Same product family (F-400fbb48); these differ only on the varying axis such as size, grit or colour.",452,492
391227,574012,variant_of,KG-VAR-01,0.9,family=F-400fbb48,"Same product family (F-400fbb48); these differ only on the varying axis such as size, grit or colour.",452,493
391227,573971,variant_of,KG-VAR-01,0.9,family=F-400fbb48,"Same product family (F-400fbb48); these differ only on the varying axis such as size, grit or colour.",452,494
391227,573519,variant_of,KG-VAR-01,0.9,family=F-400fbb48,"Same product family (F-400fbb48); these differ only on the varying axis such as size, grit or colour.",452,518
391227,564922,variant_of,KG-VAR-01,0.9,family=F-400fbb48,"Same product family (F-400fbb48); these differ only on the varying axis such as size, grit or colour.",452,548
S3709,S4720,variant_of,KG-VAR-01,0.9,family=F-d729ac9c,"Same product family (F-d729ac9c); these differ only on the varying axis such as size, grit or colour.",457,458
S3702,S3703,variant_of,KG-VAR-01,0.9,family=F-93c00fcc,"Same product family (F-93c00fcc); these differ only on the varying axis such as size, grit or colour.",460,461
S3702,S3794,variant_of,KG-VAR-01,0.9,family=F-93c00fcc,"Same product family (F-93c00fcc); these differ only on the varying axis such as size, grit or colour.",460,465
S3702,S3795,variant_of,KG-VAR-01,0.9,family=F-93c00fcc,"Same product family (F-93c00fcc); these differ only on the varying axis such as size, grit or colour.",460,466
S3797,S4724,variant_of,KG-VAR-01,0.9,family=F-ddbaff55,"Same product family (F-ddbaff55); these differ only on the varying axis such as size, grit or colour.",462,463
S3797,S4717,variant_of,KG-VAR-01,0.9,family=F-ddbaff55,"Same product family (F-ddbaff55); these differ only on the varying axis such as size, grit or colour.",462,464
S3797,S4726,variant_of,KG-VAR-01,0.9,family=F-ddbaff55,"Same product family (F-ddbaff55); these differ only on the varying axis such as size, grit or colour.",462,467
586875,586883,variant_of,KG-VAR-01,0.9,family=F-0a5685f7,"Same product family (F-0a5685f7); these differ only on the varying axis such as size, grit or colour.",473,510
564492,564500,variant_of,KG-VAR-01,0.9,family=F-6721cf24,"Same product family (F-6721cf24); these differ only on the varying axis such as size, grit or colour.",483,572
588533,566687,variant_of,KG-VAR-01,0.9,family=F-2f926444,"Same product family (F-2f926444); these differ only on the varying axis such as size, grit or colour.",490,524
588533,566661,variant_of,KG-VAR-01,0.9,family=F-2f926444,"Same product family (F-2f926444); these differ only on the varying axis such as size, grit or colour.",490,526
588533,564898,variant_of,KG-VAR-01,0.9,family=F-2f926444,"Same product family (F-2f926444); these differ only on the varying axis such as size, grit or colour.",490,527
588533,538319,variant_of,KG-VAR-01,0.9,family=F-2f926444,"Same product family (F-2f926444); these differ only on the varying axis such as size, grit or colour.",490,528
588533,564450,variant_of,KG-VAR-01,0.9,family=F-2f926444,"Same product family (F-2f926444); these differ only on the varying axis such as size, grit or colour.",490,530
588533,566653,variant_of,KG-VAR-01,0.9,family=F-2f926444,"Same product family (F-2f926444); these differ only on the varying axis such as size, grit or colour.",490,541
588533,573394,variant_of,KG-VAR-01,0.9,family=F-2f926444,"Same product family (F-2f926444); these differ only on the varying axis such as size, grit or colour.",490,544
588533,573329,variant_of,KG-VAR-01,0.9,family=F-2f926444,"Same product family (F-2f926444); these differ only on the varying axis such as size, grit or colour.",490,545
588533,564930,variant_of,KG-VAR-01,0.9,family=F-2f926444,"Same product family (F-2f926444); these differ only on the varying axis such as size, grit or colour.",490,546
588533,573303,variant_of,KG-VAR-01,0.9,family=F-2f926444,"Same product family (F-2f926444); these differ only on the varying axis such as size, grit or colour.",490,561
588533,586917,variant_of,KG-VAR-01,0.9,family=F-2f926444,"Same product family (F-2f926444); these differ only on the varying axis such as size, grit or colour.",490,577
568337,576009,variant_of,KG-VAR-01,0.9,family=F-d7e3f1fc,"Same product family (F-d7e3f1fc); these differ only on the varying axis such as size, grit or colour.",504,529
568337,576017,variant_of,KG-VAR-01,0.9,family=F-d7e3f1fc,"Same product family (F-d7e3f1fc); these differ only on the varying axis such as size, grit or colour.",504,535
568337,573188,variant_of,KG-VAR-01,0.9,family=F-d7e3f1fc,"Same product family (F-d7e3f1fc); these differ only on the varying axis such as size, grit or colour.",504,562
568337,573204,variant_of,KG-VAR-01,0.9,family=F-d7e3f1fc,"Same product family (F-d7e3f1fc); these differ only on the varying axis such as size, grit or colour.",504,565
570762,568444,variant_of,KG-VAR-01,0.9,family=F-2c8151ba,"Same product family (F-2c8151ba); these differ only on the varying axis such as size, grit or colour.",516,570
HOM3060L225PGC,QO612L100RBCP,variant_of,KG-VAR-01,0.9,family=F-5582ca18,"Same product family (F-5582ca18); these differ only on the varying axis such as size, grit or colour.",590,591
165-04729-00C,161-04720-00C,variant_of,KG-VAR-01,0.9,family=F-4b6f71c9,"Same product family (F-4b6f71c9); these differ only on the varying axis such as size, grit or colour.",607,608
R56-CBR15-00T,R62-CBR15-00W,variant_of,KG-VAR-01,0.9,family=F-f7425c43,"Same product family (F-f7425c43); these differ only on the varying axis such as size, grit or colour.",610,614
R50-0SL13-000,R52-0PJ13-00W,variant_of,KG-VAR-01,0.9,family=F-7d803cd8,"Same product family (F-7d803cd8); these differ only on the varying axis such as size, grit or colour.",617,618
XOU24BCGSR,XOU24WDZGBR,variant_of,KG-VAR-01,0.9,family=F-d0894c16,"Same product family (F-d0894c16); these differ only on the varying axis such as size, grit or colour.",620,621
C7CDAAS3PD3,C7CDAAS4PW3,variant_of,KG-VAR-01,0.9,family=F-fb079dbd,"Same product family (F-fb079dbd); these differ only on the varying axis such as size, grit or colour.",622,623
C7CDABS3RD3,C7CDABS4RW3,variant_of,KG-VAR-01,0.9,family=F-e5a74f72,"Same product family (F-e5a74f72); these differ only on the varying axis such as size, grit or colour.",625,626
MSER2090S,GCST16S1WSS,variant_of,KG-VAR-01,0.9,family=F-46560e47,"Same product family (F-46560e47); these differ only on the varying axis such as size, grit or colour.",633,634
MSER2090S,PCWK15C1WSS,variant_of,KG-VAR-01,0.9,family=F-46560e47,"Same product family (F-46560e47); these differ only on the varying axis such as size, grit or colour.",633,635
PB900YVFS,SLER30524SS,variant_of,KG-VAR-01,0.9,family=F-c0184900,"Same product family (F-c0184900); these differ only on the varying axis such as size, grit or colour.",641,643
PCFE3080AF,KSES530SBE,variant_of,KG-VAR-01,0.9,family=F-f08da0fe,"Same product family (F-f08da0fe); these differ only on the varying axis such as size, grit or colour.",642,645
PMOS1980AF,KMMF530PBE,variant_of,KG-VAR-01,0.9,family=F-d98df265,"Same product family (F-d98df265); these differ only on the varying axis such as size, grit or colour.",650,652
C9TMA2S3PD3,C9TMA2S4PW3,variant_of,KG-VAR-01,0.9,family=F-6e53a050,"Same product family (F-6e53a050); these differ only on the varying axis such as size, grit or colour.",654,655
GDE21EMKES,PRFS2883AF,variant_of,KG-VAR-01,0.9,family=F-9d2cd8ab,"Same product family (F-9d2cd8ab); these differ only on the varying axis such as size, grit or colour.",658,663
GNE27JYMFS,PAD28BYTFS,variant_of,KG-VAR-01,0.9,family=F-cd42c4fa,"Same product family (F-cd42c4fa); these differ only on the varying axis such as size, grit or colour.",660,664
GNE27JYMFS,PGE29BYTFS,variant_of,KG-VAR-01,0.9,family=F-cd42c4fa,"Same product family (F-cd42c4fa); these differ only on the varying axis such as size, grit or colour.",660,665
GNE27JYMFS,LT18S2100W,variant_of,KG-VAR-01,0.9,family=F-cd42c4fa,"Same product family (F-cd42c4fa); these differ only on the varying axis such as size, grit or colour.",660,667
GNE27JYMFS,LT18S2100SS,variant_of,KG-VAR-01,0.9,family=F-cd42c4fa,"Same product family (F-cd42c4fa); these differ only on the varying axis such as size, grit or colour.",660,668
EUF17CDBW,EUF21CDBW,variant_of,KG-VAR-01,0.9,family=F-65e1cfdf,"Same product family (F-65e1cfdf); these differ only on the varying axis such as size, grit or colour.",669,670
d10cnk,e28cnkha,variant_of,KG-VAR-01,0.9,family=F-83992e65,"Same product family (F-83992e65); these differ only on the varying axis such as size, grit or colour.",674,675
52485,52486,variant_of,KG-VAR-01,0.9,family=F-5fd9f76c,"Same product family (F-5fd9f76c); these differ only on the varying axis such as size, grit or colour.",678,679
52485,52487,variant_of,KG-VAR-01,0.9,family=F-5fd9f76c,"Same product family (F-5fd9f76c); these differ only on the varying axis such as size, grit or colour.",678,680
52485,52488,variant_of,KG-VAR-01,0.9,family=F-5fd9f76c,"Same product family (F-5fd9f76c); these differ only on the varying axis such as size, grit or colour.",678,681
48-22-8396R,48-22-8397R,variant_of,KG-VAR-01,0.9,family=F-99f0129b,"Same product family (F-99f0129b); these differ only on the varying axis such as size, grit or colour.",688,689
173950TBK,173951TBK,variant_of,KG-VAR-01,0.9,family=F-053d3649,"Same product family (F-053d3649); these differ only on the varying axis such as size, grit or colour.",694,695
173950TBK,173952TBK,variant_of,KG-VAR-01,0.9,family=F-053d3649,"Same product family (F-053d3649); these differ only on the varying axis such as size, grit or colour.",694,696
KB121VS,KB126VS,variant_of,KG-VAR-01,0.9,family=F-83e64523,"Same product family (F-83e64523); these differ only on the varying axis such as size, grit or colour.",706,707
TC121VS,TC126VS,variant_of,KG-VAR-01,0.9,family=F-0b6e7d5c,"Same product family (F-0b6e7d5c); these differ only on the varying axis such as size, grit or colour.",708,709
FE-EFX-6L,FE-EFX-9L,variant_of,KG-VAR-01,0.9,family=F-33a94537,"Same product family (F-33a94537); these differ only on the varying axis such as size, grit or colour.",712,713
1046793,1046870,variant_of,KG-VAR-01,0.9,family=F-37d0a06d,"Same product family (F-37d0a06d); these differ only on the varying axis such as size, grit or colour.",714,715
M701B-21L,M701B-21M,variant_of,KG-VAR-01,0.9,family=F-5fbadd31,"Same product family (F-5fbadd31); these differ only on the varying axis such as size, grit or colour.",716,717
M701B-21L,M701B-21S,variant_of,KG-VAR-01,0.9,family=F-5fbadd31,"Same product family (F-5fbadd31); these differ only on the varying axis such as size, grit or colour.",716,718
M701B-21L,M701B-21XL,variant_of,KG-VAR-01,0.9,family=F-5fbadd31,"Same product family (F-5fbadd31); these differ only on the varying axis such as size, grit or colour.",716,719
MWUG42010124,MWUG42010224,variant_of,KG-VAR-01,0.9,family=F-1aee3ff1,"Same product family (F-1aee3ff1); these differ only on the varying axis such as size, grit or colour.",720,721
MWUG42010124,MWUG42010324,variant_of,KG-VAR-01,0.9,family=F-1aee3ff1,"Same product family (F-1aee3ff1); these differ only on the varying axis such as size, grit or colour.",720,722
MWUG42010124,MWUG42010424,variant_of,KG-VAR-01,0.9,family=F-1aee3ff1,"Same product family (F-1aee3ff1); these differ only on the varying axis such as size, grit or colour.",720,723
MWUG42010124,MWUG42010524,variant_of,KG-VAR-01,0.9,family=F-1aee3ff1,"Same product family (F-1aee3ff1); these differ only on the varying axis such as size, grit or colour.",720,724
MWUG42010124,MWUG42010624,variant_of,KG-VAR-01,0.9,family=F-1aee3ff1,"Same product family (F-1aee3ff1); these differ only on the varying axis such as size, grit or colour.",720,725
MWUG36010225,MWUG36010325,variant_of,KG-VAR-01,0.9,family=F-03f290ba,"Same product family (F-03f290ba); these differ only on the varying axis such as size, grit or colour.",726,727
MWUG36010225,MWUG36010425,variant_of,KG-VAR-01,0.9,family=F-03f290ba,"Same product family (F-03f290ba); these differ only on the varying axis such as size, grit or colour.",726,728
MWUG36010225,MWUG36010525,variant_of,KG-VAR-01,0.9,family=F-03f290ba,"Same product family (F-03f290ba); these differ only on the varying axis such as size, grit or colour.",726,729
MWUG36010225,MWUG36010625,variant_of,KG-VAR-01,0.9,family=F-03f290ba,"Same product family (F-03f290ba); these differ only on the varying axis such as size, grit or colour.",726,730
F200B-21L,F200B-21M,variant_of,KG-VAR-01,0.9,family=F-9f2c7da7,"Same product family (F-9f2c7da7); these differ only on the varying axis such as size, grit or colour.",732,733
M200B-21L,M200B-21M,variant_of,KG-VAR-01,0.9,family=F-5494f107,"Same product family (F-5494f107); these differ only on the varying axis such as size, grit or colour.",734,735
M200B-21L,M200B-21XL,variant_of,KG-VAR-01,0.9,family=F-5494f107,"Same product family (F-5494f107); these differ only on the varying axis such as size, grit or colour.",734,736
M200G-21L,M200G-21M,variant_of,KG-VAR-01,0.9,family=F-d798563d,"Same product family (F-d798563d); these differ only on the varying axis such as size, grit or colour.",737,738
M200G-21L,M200G-21XL,variant_of,KG-VAR-01,0.9,family=F-d798563d,"Same product family (F-d798563d); these differ only on the varying axis such as size, grit or colour.",737,739
BC-12300,BC-24600,variant_of,KG-VAR-01,0.9,family=F-03e71d8c,"Same product family (F-03e71d8c); these differ only on the varying axis such as size, grit or colour.",746,747
25459,25759,variant_of,KG-VAR-01,0.9,family=F-a27d1c28,"Same product family (F-a27d1c28); these differ only on the varying axis such as size, grit or colour.",756,758
25168,25468,variant_of,KG-VAR-01,0.9,family=F-34dca312,"Same product family (F-34dca312); these differ only on the varying axis such as size, grit or colour.",761,773
6008,6009,variant_of,KG-VAR-01,0.9,family=F-99fc48d0,"Same product family (F-99fc48d0); these differ only on the varying axis such as size, grit or colour.",768,769
6008,3000A,variant_of,KG-VAR-01,0.9,family=F-99fc48d0,"Same product family (F-99fc48d0); these differ only on the varying axis such as size, grit or colour.",768,770
DWHT10993,DWHT10994,variant_of,KG-VAR-01,0.9,family=F-39dae7d1,"Same product family (F-39dae7d1); these differ only on the varying axis such as size, grit or colour.",778,779
DSA0250B,DSA0375B,variant_of,KG-VAR-01,0.9,family=F-f4e54c12,"Same product family (F-f4e54c12); these differ only on the varying axis such as size, grit or colour.",784,785
DSA0250B,DSA0500B,variant_of,KG-VAR-01,0.9,family=F-f4e54c12,"Same product family (F-f4e54c12); these differ only on the varying axis such as size, grit or colour.",784,786
DWMT45422,DWMT45424,variant_of,KG-VAR-01,0.9,family=F-15381c7e,"Same product family (F-15381c7e); these differ only on the varying axis such as size, grit or colour.",789,790
3033-20,3034-20,variant_of,KG-VAR-01,0.9,family=F-5db0dace,"Same product family (F-5db0dace); these differ only on the varying axis such as size, grit or colour.",805,807
DPH12B,DPH135B,variant_of,KG-VAR-01,0.9,family=F-412a5124,"Same product family (F-412a5124); these differ only on the varying axis such as size, grit or colour.",833,834
DPH12B,DPH21B,variant_of,KG-VAR-01,0.9,family=F-412a5124,"Same product family (F-412a5124); these differ only on the varying axis such as size, grit or colour.",833,835
DPH12B,DPH22B,variant_of,KG-VAR-01,0.9,family=F-412a5124,"Same product family (F-412a5124); these differ only on the varying axis such as size, grit or colour.",833,836
DPH12B,DPH235B,variant_of,KG-VAR-01,0.9,family=F-412a5124,"Same product family (F-412a5124); these differ only on the varying axis such as size, grit or colour.",833,837
DPH12B,DPH26B,variant_of,KG-VAR-01,0.9,family=F-412a5124,"Same product family (F-412a5124); these differ only on the varying axis such as size, grit or colour.",833,838
DPH12B,DPH31B,variant_of,KG-VAR-01,0.9,family=F-412a5124,"Same product family (F-412a5124); these differ only on the varying axis such as size, grit or colour.",833,840
DPH12B,DPH32B,variant_of,KG-VAR-01,0.9,family=F-412a5124,"Same product family (F-412a5124); these differ only on the varying axis such as size, grit or colour.",833,841
DPH12B,DPH335B,variant_of,KG-VAR-01,0.9,family=F-412a5124,"Same product family (F-412a5124); these differ only on the varying axis such as size, grit or colour.",833,842
DSQ12B,DSQ22B,variant_of,KG-VAR-01,0.9,family=F-f39e4618,"Same product family (F-f39e4618); these differ only on the varying axis such as size, grit or colour.",843,844
DSQ12B,DSQ26B,variant_of,KG-VAR-01,0.9,family=F-f39e4618,"Same product family (F-f39e4618); these differ only on the varying axis such as size, grit or colour.",843,845
DSQ12B,DSQ32B,variant_of,KG-VAR-01,0.9,family=F-f39e4618,"Same product family (F-f39e4618); these differ only on the varying axis such as size, grit or colour.",843,846
DT102B,DT152B,variant_of,KG-VAR-01,0.9,family=F-b26016da,"Same product family (F-b26016da); these differ only on the varying axis such as size, grit or colour.",847,848
DT102B,DT1535B,variant_of,KG-VAR-01,0.9,family=F-b26016da,"Same product family (F-b26016da); these differ only on the varying axis such as size, grit or colour.",847,849
DT102B,DT202B,variant_of,KG-VAR-01,0.9,family=F-b26016da,"Same product family (F-b26016da); these differ only on the varying axis such as size, grit or colour.",847,850
DT102B,DT2035B,variant_of,KG-VAR-01,0.9,family=F-b26016da,"Same product family (F-b26016da); these differ only on the varying axis such as size, grit or colour.",847,851
DT102B,DT206B,variant_of,KG-VAR-01,0.9,family=F-b26016da,"Same product family (F-b26016da); these differ only on the varying axis such as size, grit or colour.",847,852
DT102B,DT2535B,variant_of,KG-VAR-01,0.9,family=F-b26016da,"Same product family (F-b26016da); these differ only on the varying axis such as size, grit or colour.",847,854
DT102B,DT256B,variant_of,KG-VAR-01,0.9,family=F-b26016da,"Same product family (F-b26016da); these differ only on the varying axis such as size, grit or colour.",847,855
DT102B,DT302B,variant_of,KG-VAR-01,0.9,family=F-b26016da,"Same product family (F-b26016da); these differ only on the varying axis such as size, grit or colour.",847,856
DT102B,DT402B,variant_of,KG-VAR-01,0.9,family=F-b26016da,"Same product family (F-b26016da); these differ only on the varying axis such as size, grit or colour.",847,857
3048-20,3049-20,variant_of,KG-VAR-01,0.9,family=F-dbf0475a,"Same product family (F-dbf0475a); these differ only on the varying axis such as size, grit or colour.",866,867
XLT03Z,XLT04Z,variant_of,KG-VAR-01,0.9,family=F-b9ee228b,"Same product family (F-b9ee228b); these differ only on the varying axis such as size, grit or colour.",873,874
XLT03Z,XLT05Z,variant_of,KG-VAR-01,0.9,family=F-b9ee228b,"Same product family (F-b9ee228b); these differ only on the varying axis such as size, grit or colour.",873,875
DCG410B,DCG402B,variant_of,KG-VAR-01,0.9,family=F-5b7ae893,"Same product family (F-5b7ae893); these differ only on the varying axis such as size, grit or colour.",882,884
577728,577738,variant_of,KG-VAR-01,0.9,family=F-453112a4,"Same product family (F-453112a4); these differ only on the varying axis such as size, grit or colour.",892,893
578800,578801,variant_of,KG-VAR-01,0.9,family=F-8ecfff1c,"Same product family (F-8ecfff1c); these differ only on the varying axis such as size, grit or colour.",897,898
578800,578802,variant_of,KG-VAR-01,0.9,family=F-8ecfff1c,"Same product family (F-8ecfff1c); these differ only on the varying axis such as size, grit or colour.",897,899
578800,578808,variant_of,KG-VAR-01,0.9,family=F-8ecfff1c,"Same product family (F-8ecfff1c); these differ only on the varying axis such as size, grit or colour.",897,900
578800,578809,variant_of,KG-VAR-01,0.9,family=F-8ecfff1c,"Same product family (F-8ecfff1c); these differ only on the varying axis such as size, grit or colour.",897,901
578800,578810,variant_of,KG-VAR-01,0.9,family=F-8ecfff1c,"Same product family (F-8ecfff1c); these differ only on the varying axis such as size, grit or colour.",897,902
D1012LF,D1216LF,variant_of,KG-VAR-01,0.9,family=F-9916a88f,"Same product family (F-9916a88f); these differ only on the varying axis such as size, grit or colour.",913,914
49-93-9204,49-93-9207,variant_of,KG-VAR-01,0.9,family=F-d05df271,"Same product family (F-d05df271); these differ only on the varying axis such as size, grit or colour.",917,918
49-93-9204,49-93-9210,variant_of,KG-VAR-01,0.9,family=F-d05df271,"Same product family (F-d05df271); these differ only on the varying axis such as size, grit or colour.",917,919
49-93-9204,49-93-9202,variant_of,KG-VAR-01,0.9,family=F-d05df271,"Same product family (F-d05df271); these differ only on the varying axis such as size, grit or colour.",917,920
49-93-9204,49-93-9205,variant_of,KG-VAR-01,0.9,family=F-d05df271,"Same product family (F-d05df271); these differ only on the varying axis such as size, grit or colour.",917,921
KPTCS725A,KPTCS450A,variant_of,KG-VAR-01,0.9,family=F-099ff00e,"Same product family (F-099ff00e); these differ only on the varying axis such as size, grit or colour.",937,938
XT524,XT536,variant_of,KG-VAR-01,0.9,family=F-2856a101,"Same product family (F-2856a101); these differ only on the varying axis such as size, grit or colour.",949,950
XT524,XT546,variant_of,KG-VAR-01,0.9,family=F-2856a101,"Same product family (F-2856a101); these differ only on the varying axis such as size, grit or colour.",949,951
XTP235,XTP242,variant_of,KG-VAR-01,0.9,family=F-bbfc393e,"Same product family (F-bbfc393e); these differ only on the varying axis such as size, grit or colour.",952,990
BL1850BDC1,BL1850BDC2X1,variant_of,KG-VAR-01,0.9,family=F-0b540735,"Same product family (F-0b540735); these differ only on the varying axis such as size, grit or colour.",960,968
DCB2108,DCB2108-2,variant_of,KG-VAR-01,0.9,family=F-3ef14be9,"Same product family (F-3ef14be9); these differ only on the varying axis such as size, grit or colour.",962,963
BATT4A,BATT2A,variant_of,KG-VAR-01,0.9,family=F-2059152f,"Same product family (F-2059152f); these differ only on the varying axis such as size, grit or colour.",966,967
577871,577874,variant_of,KG-VAR-01,0.9,family=F-97320aa6,"Same product family (F-97320aa6); these differ only on the varying axis such as size, grit or colour.",977,978
577871,577876,variant_of,KG-VAR-01,0.9,family=F-97320aa6,"Same product family (F-97320aa6); these differ only on the varying axis such as size, grit or colour.",977,979
10045.201,10055.201,variant_of,KG-VAR-01,0.9,family=F-a376cd5a,"Same product family (F-a376cd5a); these differ only on the varying axis such as size, grit or colour.",995,998
10014.201,4430.201,variant_of,KG-VAR-01,0.9,family=F-b54cbf95,"Same product family (F-b54cbf95); these differ only on the varying axis such as size, grit or colour.",996,997
49-94-0101,49-94-0903,same_series,KG-SER-01,0.8,series=perform,Both belong to the Perform collection; merchandise together.,28,40
49-94-0101,49-94-0907,same_series,KG-SER-01,0.8,series=perform,Both belong to the Perform collection; merchandise together.,28,41
49-94-0101,49-94-0923,same_series,KG-SER-01,0.8,series=perform,Both belong to the Perform collection; merchandise together.,28,42
49-94-0107,49-94-0117,same_series,KG-SER-01,0.8,series=performance,Both belong to the Performance collection; merchandise together.,29,30
49-94-0107,49-94-0123,same_series,KG-SER-01,0.8,series=performance,Both belong to the Performance collection; merchandise together.,29,31
49-94-0107,49-94-0121,same_series,KG-SER-01,0.8,series=performance,Both belong to the Performance collection; merchandise together.,29,33
49-94-0107,49-94-0127,same_series,KG-SER-01,0.8,series=performance,Both belong to the Performance collection; merchandise together.,29,34
49-94-0107,49-94-0137,same_series,KG-SER-01,0.8,series=performance,Both belong to the Performance collection; merchandise together.,29,35
49-94-0107,49-94-0160,same_series,KG-SER-01,0.8,series=performance,Both belong to the Performance collection; merchandise together.,29,36
49-94-0107,49-94-0445,same_series,KG-SER-01,0.8,series=performance,Both belong to the Performance collection; merchandise together.,29,38
543302126,543302146,same_series,KG-SER-01,0.8,series=select,Both belong to the Select collection; merchandise together.,99,100
543302126,543302127,same_series,KG-SER-01,0.8,series=select,Both belong to the Select collection; merchandise together.,99,288
543302126,543302147,same_series,KG-SER-01,0.8,series=select,Both belong to the Select collection; merchandise together.,99,289
543300256,543300276,same_series,KG-SER-01,0.8,series=select classic horiz rail,Both belong to the Select Classic Horiz Rail collection; merchandise together.,107,108
543340126,543340127,same_series,KG-SER-01,0.8,series=select alm,Both belong to the Select Alm collection; merchandise together.,111,112
543340126,543340146,same_series,KG-SER-01,0.8,series=select alm,Both belong to the Select Alm collection; merchandise together.,111,113
543340126,543340147,same_series,KG-SER-01,0.8,series=select alm,Both belong to the Select Alm collection; merchandise together.,111,114
ADB15516CS,ADB15520CS,same_series,KG-SER-01,0.8,series=coastline sq edge vintage azek pvc,Both belong to the Coastline Sq Edge Vintage Azek Pvc collection; merchandise together.,115,116
ADB15516EW,ADB15520EW,same_series,KG-SER-01,0.8,series=english walnut sq edge vintage azek pvc,Both belong to the English Walnut Sq Edge Vintage Azek Pvc collection; merchandise together.,117,118
ADB15516MH,ADB15520MH,same_series,KG-SER-01,0.8,series=mahogany sq edge vintage azek pvc,Both belong to the Mahogany Sq Edge Vintage Azek Pvc collection; merchandise together.,119,120
ADB15516WT,ADB15520WT,same_series,KG-SER-01,0.8,series=weathered teak sq edge vintage azek pvc,Both belong to the Weathered Teak Sq Edge Vintage Azek Pvc collection; merchandise together.,121,122
AGB15512CS,AGB15516CS,same_series,KG-SER-01,0.8,series=coastline vintage azek pvc,Both belong to the Coastline Vintage Azek Pvc collection; merchandise together.,123,124
AGB15512CS,AGB15520CS,same_series,KG-SER-01,0.8,series=coastline vintage azek pvc,Both belong to the Coastline Vintage Azek Pvc collection; merchandise together.,123,125
AGB15512CS,ADR5117512CS,same_series,KG-SER-01,0.8,series=coastline vintage azek pvc,Both belong to the Coastline Vintage Azek Pvc collection; merchandise together.,123,235
AGB15512EW,AGB15516EW,same_series,KG-SER-01,0.8,series=english walnut vintage azek pvc,Both belong to the English Walnut Vintage Azek Pvc collection; merchandise together.,126,127
AGB15512EW,AGB15520EW,same_series,KG-SER-01,0.8,series=english walnut vintage azek pvc,Both belong to the English Walnut Vintage Azek Pvc collection; merchandise together.,126,128
AGB15512MH,AGB15516MH,same_series,KG-SER-01,0.8,series=mahogany vintage azek pvc,Both belong to the Mahogany Vintage Azek Pvc collection; merchandise together.,129,130
AGB15512MH,AGB15520MH,same_series,KG-SER-01,0.8,series=mahogany vintage azek pvc,Both belong to the Mahogany Vintage Azek Pvc collection; merchandise together.,129,131
AGB15512MH,ADR5117512MH,same_series,KG-SER-01,0.8,series=mahogany vintage azek pvc,Both belong to the Mahogany Vintage Azek Pvc collection; merchandise together.,129,236
AGB15512WT,AGB15516WT,same_series,KG-SER-01,0.8,series=weathered teak vintage azek pvc,Both belong to the Weathered Teak Vintage Azek Pvc collection; merchandise together.,132,133
AGB15512WT,AGB15520WT,same_series,KG-SER-01,0.8,series=weathered teak vintage azek pvc,Both belong to the Weathered Teak Vintage Azek Pvc collection; merchandise together.,132,134
AGB15512WT,ADR5117512WT,same_series,KG-SER-01,0.8,series=weathered teak vintage azek pvc,Both belong to the Weathered Teak Vintage Azek Pvc collection; merchandise together.,132,237
ADB15516AW,ADB15520AW,same_series,KG-SER-01,0.8,series=american walnut sq edg landmark azek pvc,Both belong to the American Walnut Sq Edg Landmark Azek Pvc collection; merchandise together.,135,136
ADB15516CG,ADB15520CG,same_series,KG-SER-01,0.8,series=castle gate sq edge landmark azek pvc,Both belong to the Castle Gate Sq Edge Landmark Azek Pvc collection; merchandise together.,137,138
ADB15516FW,ADB15520FW,same_series,KG-SER-01,0.8,series=french oak sq ed landmark azek pvc,Both belong to the French Oak Sq Ed Landmark Azek Pvc collection; merchandise together.,139,140
AGB15512AW,AGB15516AW,same_series,KG-SER-01,0.8,series=american walnut groove landmark azek pvc,Both belong to the American Walnut Groove Landmark Azek Pvc collection; merchandise together.,141,142
AGB15512AW,AGB15520AW,same_series,KG-SER-01,0.8,series=american walnut groove landmark azek pvc,Both belong to the American Walnut Groove Landmark Azek Pvc collection; merchandise together.,141,143
AGB15512CG,AGB15516CG,same_series,KG-SER-01,0.8,series=castle gate landmark azek pvc,Both belong to the Castle Gate Landmark Azek Pvc collection; merchandise together.,144,145
AGB15512CG,AGB15520CG,same_series,KG-SER-01,0.8,series=castle gate landmark azek pvc,Both belong to the Castle Gate Landmark Azek Pvc collection; merchandise together.,144,146
AGB15512CG,ADR5117512CG,same_series,KG-SER-01,0.8,series=castle gate landmark azek pvc,Both belong to the Castle Gate Landmark Azek Pvc collection; merchandise together.,144,239
AGB15512FW,AGB15516FW,same_series,KG-SER-01,0.8,series=french oak groov landmark azek pvc,Both belong to the French Oak Groov Landmark Azek Pvc collection; merchandise together.,147,148
AGB15512FW,AGB15520FW,same_series,KG-SER-01,0.8,series=french oak groov landmark azek pvc,Both belong to the French Oak Groov Landmark Azek Pvc collection; merchandise together.,147,149
ADCB15516BS,ADCB15520BS,same_series,KG-SER-01,0.8,series=brownstone sq edge harvest azek pvc,Both belong to the Brownstone Sq Edge Harvest Azek Pvc collection; merchandise together.,150,151
ADCB15516SG,ADCB15520SG,same_series,KG-SER-01,0.8,series=gray sq edge harvest azek pvc,Both belong to the Gray Sq Edge Harvest Azek Pvc collection; merchandise together.,152,153
AGB15512BS,AGB15516BS,same_series,KG-SER-01,0.8,series=brownstone harvest azek pvc,Both belong to the Brownstone Harvest Azek Pvc collection; merchandise together.,154,155
AGB15512BS,AGB15520BS,same_series,KG-SER-01,0.8,series=brownstone harvest azek pvc,Both belong to the Brownstone Harvest Azek Pvc collection; merchandise together.,154,156
AGB15512BS,1508395,same_series,KG-SER-01,0.8,series=brownstone harvest azek pvc,Both belong to the Brownstone Harvest Azek Pvc collection; merchandise together.,154,241
AGB15512BS,ADCR5117512BS,same_series,KG-SER-01,0.8,series=brownstone harvest azek pvc,Both belong to the Brownstone Harvest Azek Pvc collection; merchandise together.,154,243
AGB15512SG,AGB15516SG,same_series,KG-SER-01,0.8,series=gray harvest azek pvc,Both belong to the Gray Harvest Azek Pvc collection; merchandise together.,157,158
AGB15512SG,AGB15520SG,same_series,KG-SER-01,0.8,series=gray harvest azek pvc,Both belong to the Gray Harvest Azek Pvc collection; merchandise together.,157,159
AGB15512SG,1508396,same_series,KG-SER-01,0.8,series=gray harvest azek pvc,Both belong to the Gray Harvest Azek Pvc collection; merchandise together.,157,242
AGB15512SG,ADCR5117512SG,same_series,KG-SER-01,0.8,series=gray harvest azek pvc,Both belong to the Gray Harvest Azek Pvc collection; merchandise together.,157,244
543140016,543140020,same_series,KG-SER-01,0.8,series=biscayne sq edge transcend lineage,Both belong to the Biscayne Sq Edge Transcend Lineage collection; merchandise together.,160,161
543142016,543142020,same_series,KG-SER-01,0.8,series=carmel sq edge transcend lineage,Both belong to the Carmel Sq Edge Transcend Lineage collection; merchandise together.,162,163
543144016,543144020,same_series,KG-SER-01,0.8,series=island mist sq edge transcend lineage,Both belong to the Island Mist Sq Edge Transcend Lineage collection; merchandise together.,164,165
543143016,543143020,same_series,KG-SER-01,0.8,series=jasper sq edge transcend lineage,Both belong to the Jasper Sq Edge Transcend Lineage collection; merchandise together.,166,167
543141016,543141020,same_series,KG-SER-01,0.8,series=rainier sq edge transcend lineage,Both belong to the Rainier Sq Edge Transcend Lineage collection; merchandise together.,168,169
543140412,543140416,same_series,KG-SER-01,0.8,series=biscayne transcend lineage,Both belong to the Biscayne Transcend Lineage collection; merchandise together.,170,171
543140412,543140420,same_series,KG-SER-01,0.8,series=biscayne transcend lineage,Both belong to the Biscayne Transcend Lineage collection; merchandise together.,170,172
543142412,543142416,same_series,KG-SER-01,0.8,series=carmel transcend lineage,Both belong to the Carmel Transcend Lineage collection; merchandise together.,173,174
543142412,543142420,same_series,KG-SER-01,0.8,series=carmel transcend lineage,Both belong to the Carmel Transcend Lineage collection; merchandise together.,173,175
543144412,543144416,same_series,KG-SER-01,0.8,series=island mist transcend lineage,Both belong to the Island Mist Transcend Lineage collection; merchandise together.,176,177
543144412,543144420,same_series,KG-SER-01,0.8,series=island mist transcend lineage,Both belong to the Island Mist Transcend Lineage collection; merchandise together.,176,178
543143412,543143416,same_series,KG-SER-01,0.8,series=jasper transcend lineage,Both belong to the Jasper Transcend Lineage collection; merchandise together.,179,180
543143412,543143420,same_series,KG-SER-01,0.8,series=jasper transcend lineage,Both belong to the Jasper Transcend Lineage collection; merchandise together.,179,181
543141412,543141416,same_series,KG-SER-01,0.8,series=rainier transcend lineage,Both belong to the Rainier Transcend Lineage collection; merchandise together.,182,183
543141412,543141420,same_series,KG-SER-01,0.8,series=rainier transcend lineage,Both belong to the Rainier Transcend Lineage collection; merchandise together.,182,184
1513703,1513704,same_series,KG-SER-01,0.8,series=hatteras sq edge transcend lineage,Both belong to the Hatteras Sq Edge Transcend Lineage collection; merchandise together.,185,186
1513705,1513706,same_series,KG-SER-01,0.8,series=hatteras transcend lineage,Both belong to the Hatteras Transcend Lineage collection; merchandise together.,187,188
1513705,1513707,same_series,KG-SER-01,0.8,series=hatteras transcend lineage,Both belong to the Hatteras Transcend Lineage collection; merchandise together.,187,189
1513708,1513709,same_series,KG-SER-01,0.8,series=salt sq edge transcend lineage,Both belong to the Salt Sq Edge Transcend Lineage collection; merchandise together.,190,191
1513710,1513711,same_series,KG-SER-01,0.8,series=salt transcend lineage,Both belong to the Salt Transcend Lineage collection; merchandise together.,192,193
1513710,1513712,same_series,KG-SER-01,0.8,series=salt transcend lineage,Both belong to the Salt Transcend Lineage collection; merchandise together.,192,194
1513717,1513718,same_series,KG-SER-01,0.8,series=honey grove sq edge enhance naturals,Both belong to the Honey Grove Sq Edge Enhance Naturals collection; merchandise together.,195,196
1513719,1513720,same_series,KG-SER-01,0.8,series=honey grove enhance naturals,Both belong to the Honey Grove Enhance Naturals collection; merchandise together.,197,198
1513719,1513721,same_series,KG-SER-01,0.8,series=honey grove enhance naturals,Both belong to the Honey Grove Enhance Naturals collection; merchandise together.,197,199
1513724,1513725,same_series,KG-SER-01,0.8,series=tide pool sq edge enhance basics,Both belong to the Tide Pool Sq Edge Enhance Basics collection; merchandise together.,200,201
1513726,1513727,same_series,KG-SER-01,0.8,series=tide pool enhance basics,Both belong to the Tide Pool Enhance Basics collection; merchandise together.,202,203
1513726,1513728,same_series,KG-SER-01,0.8,series=tide pool enhance basics,Both belong to the Tide Pool Enhance Basics collection; merchandise together.,202,204
543076016,543076020,same_series,KG-SER-01,0.8,series=cinnamon cove sq edge enhance naturals,Both belong to the Cinnamon Cove Sq Edge Enhance Naturals collection; merchandise together.,205,206
543076412,543076416,same_series,KG-SER-01,0.8,series=cinnamon cove enhance naturals,Both belong to the Cinnamon Cove Enhance Naturals collection; merchandise together.,207,208
543076412,543076420,same_series,KG-SER-01,0.8,series=cinnamon cove enhance naturals,Both belong to the Cinnamon Cove Enhance Naturals collection; merchandise together.,207,209
1516870,1516871,same_series,KG-SER-01,0.8,series=golden hour sq edge enhance naturals,Both belong to the Golden Hour Sq Edge Enhance Naturals collection; merchandise together.,210,211
1516872,1516873,same_series,KG-SER-01,0.8,series=golden hour enhance naturals,Both belong to the Golden Hour Enhance Naturals collection; merchandise together.,212,213
1516872,1516874,same_series,KG-SER-01,0.8,series=golden hour enhance naturals,Both belong to the Golden Hour Enhance Naturals collection; merchandise together.,212,214
1516879,1516880,same_series,KG-SER-01,0.8,series=pebble beach sq edge enhance basics,Both belong to the Pebble Beach Sq Edge Enhance Basics collection; merchandise together.,215,216
1516881,1516882,same_series,KG-SER-01,0.8,series=pebble beach enhance basics,Both belong to the Pebble Beach Enhance Basics collection; merchandise together.,217,218
1516881,1516883,same_series,KG-SER-01,0.8,series=pebble beach enhance basics,Both belong to the Pebble Beach Enhance Basics collection; merchandise together.,217,219
543005016,543005020,same_series,KG-SER-01,0.8,series=malted barley sq edge select 2.0,Both belong to the Malted Barley Sq Edge Select 2.0 collection; merchandise together.,220,221
543005412,543005416,same_series,KG-SER-01,0.8,series=malted barley select 2.0,Both belong to the Malted Barley Select 2.0 collection; merchandise together.,222,223
543005412,543005420,same_series,KG-SER-01,0.8,series=malted barley select 2.0,Both belong to the Malted Barley Select 2.0 collection; merchandise together.,222,224
1516891,1516892,same_series,KG-SER-01,0.8,series=millstone sq edge select 2.0,Both belong to the Millstone Sq Edge Select 2.0 collection; merchandise together.,225,226
1516893,1516894,same_series,KG-SER-01,0.8,series=millstone select 2.0,Both belong to the Millstone Select 2.0 collection; merchandise together.,227,228
1516893,1516895,same_series,KG-SER-01,0.8,series=millstone select 2.0,Both belong to the Millstone Select 2.0 collection; merchandise together.,227,229
543007016,543007020,same_series,KG-SER-01,0.8,series=whiskey barrel sq edge select 2.0,Both belong to the Whiskey Barrel Sq Edge Select 2.0 collection; merchandise together.,230,231
543007412,543007416,same_series,KG-SER-01,0.8,series=whiskey barrel select 2.0,Both belong to the Whiskey Barrel Select 2.0 collection; merchandise together.,232,233
543007412,543007420,same_series,KG-SER-01,0.8,series=whiskey barrel select 2.0,Both belong to the Whiskey Barrel Select 2.0 collection; merchandise together.,232,234
1513722,1513723,same_series,KG-SER-01,0.8,series=honey grove,Both belong to the Honey Grove collection; merchandise together.,253,254
1513729,1513730,same_series,KG-SER-01,0.8,series=tide pool,Both belong to the Tide Pool collection; merchandise together.,255,256
543076916,543076936,same_series,KG-SER-01,0.8,series=cinnamon cove,Both belong to the Cinnamon Cove collection; merchandise together.,257,259
1516876,1516878,same_series,KG-SER-01,0.8,series=golden hour,Both belong to the Golden Hour collection; merchandise together.,258,260
1516884,1516885,same_series,KG-SER-01,0.8,series=pebble beach,Both belong to the Pebble Beach collection; merchandise together.,261,262
543005916,543005936,same_series,KG-SER-01,0.8,series=malted barley 2.0,Both belong to the Malted Barley 2.0 collection; merchandise together.,263,266
1516902,1516905,same_series,KG-SER-01,0.8,series=millstone 2.0,Both belong to the Millstone 2.0 collection; merchandise together.,264,267
543007916,543007936,same_series,KG-SER-01,0.8,series=whiskey barrel 2.0,Both belong to the Whiskey Barrel 2.0 collection; merchandise together.,265,268
543144908,543144912,same_series,KG-SER-01,0.8,series=island mist,Both belong to the Island Mist collection; merchandise together.,269,271
543340896,543340898,same_series,KG-SER-01,0.8,series=alum post sleeve select alum,Both belong to the Alum Post Sleeve Select Alum collection; merchandise together.,285,286
73019599,73019648,same_series,KG-SER-01,0.8,series=finyline str,Both belong to the Finyline Str collection; merchandise together.,290,291
543300257,543300277,same_series,KG-SER-01,0.8,series=select classic stair rail,Both belong to the Select Classic Stair Rail collection; merchandise together.,294,295
1517602,1517603,same_series,KG-SER-01,0.8,series=gliding patio dr,Both belong to the Gliding Patio Dr collection; merchandise together.,299,300
1517602,1517604,same_series,KG-SER-01,0.8,series=gliding patio dr,Both belong to the Gliding Patio Dr collection; merchandise together.,299,301
1517602,1517605,same_series,KG-SER-01,0.8,series=gliding patio dr,Both belong to the Gliding Patio Dr collection; merchandise together.,299,302
FS C01 2004S,FS C04 2004S,same_series,KG-SER-01,0.8,series=fxd skylt gry,Both belong to the Fxd Skylt Gry collection; merchandise together.,303,304
FS C01 2004S,FS C06 2004S,same_series,KG-SER-01,0.8,series=fxd skylt gry,Both belong to the Fxd Skylt Gry collection; merchandise together.,303,305
1501831,1501832,same_series,KG-SER-01,0.8,series=hopper dla,Both belong to the Hopper Dla collection; merchandise together.,306,307
413S-DBA-36,413S-DBA-72,same_series,KG-SER-01,0.8,series=alum threshold dbz,Both belong to the Alum Threshold Dbz collection; merchandise together.,311,312
1511506,1506969,same_series,KG-SER-01,0.8,series=zip,Both belong to the Zip collection; merchandise together.,313,339
1511506,1514681,same_series,KG-SER-01,0.8,series=zip,Both belong to the Zip collection; merchandise together.,313,340
1511506,1514726,same_series,KG-SER-01,0.8,series=zip,Both belong to the Zip collection; merchandise together.,313,341
65-1222,62-1852,same_series,KG-SER-01,0.8,series=led lt,Both belong to the Led Lt collection; merchandise together.,368,406
65-1222,62-1784,same_series,KG-SER-01,0.8,series=led lt,Both belong to the Led Lt collection; merchandise together.,368,443
45297BK,55155BK,same_series,KG-SER-01,0.8,series=ext lt,Both belong to the Ext Lt collection; merchandise together.,370,376
45297BK,55184BK,same_series,KG-SER-01,0.8,series=ext lt,Both belong to the Ext Lt collection; merchandise together.,370,378
45297BK,55185BK,same_series,KG-SER-01,0.8,series=ext lt,Both belong to the Ext Lt collection; merchandise together.,370,379
45297BK,55186CH,same_series,KG-SER-01,0.8,series=ext lt,Both belong to the Ext Lt collection; merchandise together.,370,380
45297BK,55239CPZLED,same_series,KG-SER-01,0.8,series=ext lt,Both belong to the Ext Lt collection; merchandise together.,370,386
45297BK,45495BKCLR,same_series,KG-SER-01,0.8,series=ext lt,Both belong to the Ext Lt collection; merchandise together.,370,447
45297BK,59061BSL,same_series,KG-SER-01,0.8,series=ext lt,Both belong to the Ext Lt collection; merchandise together.,370,579
45297BK,59062BSL,same_series,KG-SER-01,0.8,series=ext lt,Both belong to the Ext Lt collection; merchandise together.,370,580
45297BK,59124BKT,same_series,KG-SER-01,0.8,series=ext lt,Both belong to the Ext Lt collection; merchandise together.,370,581
62-1850,65-572R1,same_series,KG-SER-01,0.8,series=led,Both belong to the Led collection; merchandise together.,405,414
62-1850,S11828,same_series,KG-SER-01,0.8,series=led,Both belong to the Led collection; merchandise together.,405,430
62-1850,S11801R1,same_series,KG-SER-01,0.8,series=led,Both belong to the Led collection; merchandise together.,405,435
62-1850,S21354,same_series,KG-SER-01,0.8,series=led,Both belong to the Led collection; merchandise together.,405,469
62-1850,S21363,same_series,KG-SER-01,0.8,series=led,Both belong to the Led collection; merchandise together.,405,470
62-1850,S11445,same_series,KG-SER-01,0.8,series=led,Both belong to the Led collection; merchandise together.,405,471
801274,391227,same_series,KG-SER-01,0.8,series=led,Both belong to the Led collection; merchandise together.,431,452
801274,567313,same_series,KG-SER-01,0.8,series=led,Both belong to the Led collection; merchandise together.,431,472
801274,576355,same_series,KG-SER-01,0.8,series=led,Both belong to the Led collection; merchandise together.,431,474
801274,576363,same_series,KG-SER-01,0.8,series=led,Both belong to the Led collection; merchandise together.,431,475
801274,565374,same_series,KG-SER-01,0.8,series=led,Both belong to the Led collection; merchandise together.,431,476
801274,565390,same_series,KG-SER-01,0.8,series=led,Both belong to the Led collection; merchandise together.,431,477
801274,576371,same_series,KG-SER-01,0.8,series=led,Both belong to the Led collection; merchandise together.,431,478
801274,576496,same_series,KG-SER-01,0.8,series=led,Both belong to the Led collection; merchandise together.,431,479
801274,564856,same_series,KG-SER-01,0.8,series=led,Both belong to the Led collection; merchandise together.,431,480
801274,565796,same_series,KG-SER-01,0.8,series=led,Both belong to the Led collection; merchandise together.,431,481
801274,576389,same_series,KG-SER-01,0.8,series=led,Both belong to the Led collection; merchandise together.,431,482
801274,586909,same_series,KG-SER-01,0.8,series=led,Both belong to the Led collection; merchandise together.,431,485
801274,566364,same_series,KG-SER-01,0.8,series=led,Both belong to the Led collection; merchandise together.,431,486
801274,576397,same_series,KG-SER-01,0.8,series=led,Both belong to the Led collection; merchandise together.,431,487
801274,571497,same_series,KG-SER-01,0.8,series=led,Both belong to the Led collection; merchandise together.,431,488
801274,576306,same_series,KG-SER-01,0.8,series=led,Both belong to the Led collection; merchandise together.,431,489
801274,588533,same_series,KG-SER-01,0.8,series=led,Both belong to the Led collection; merchandise together.,431,490
801274,576520,same_series,KG-SER-01,0.8,series=led,Both belong to the Led collection; merchandise together.,431,491
801274,574004,same_series,KG-SER-01,0.8,series=led,Both belong to the Led collection; merchandise together.,431,492
801274,574012,same_series,KG-SER-01,0.8,series=led,Both belong to the Led collection; merchandise together.,431,493
801274,573971,same_series,KG-SER-01,0.8,series=led,Both belong to the Led collection; merchandise together.,431,494
801274,573989,same_series,KG-SER-01,0.8,series=led,Both belong to the Led collection; merchandise together.,431,495
801274,576769,same_series,KG-SER-01,0.8,series=led,Both belong to the Led collection; merchandise together.,431,496
801274,567446,same_series,KG-SER-01,0.8,series=led,Both belong to the Led collection; merchandise together.,431,497
S3709,S4720,same_series,KG-SER-01,0.8,series=incan,Both belong to the Incan collection; merchandise together.,457,458
S3709,S3702,same_series,KG-SER-01,0.8,series=incan,Both belong to the Incan collection; merchandise together.,457,460
S3709,S3703,same_series,KG-SER-01,0.8,series=incan,Both belong to the Incan collection; merchandise together.,457,461
S3709,S3797,same_series,KG-SER-01,0.8,series=incan,Both belong to the Incan collection; merchandise together.,457,462
S3709,S4724,same_series,KG-SER-01,0.8,series=incan,Both belong to the Incan collection; merchandise together.,457,463
S3709,S4717,same_series,KG-SER-01,0.8,series=incan,Both belong to the Incan collection; merchandise together.,457,464
S3709,S3794,same_series,KG-SER-01,0.8,series=incan,Both belong to the Incan collection; merchandise together.,457,465
S3709,S3795,same_series,KG-SER-01,0.8,series=incan,Both belong to the Incan collection; merchandise together.,457,466
S3709,S4726,same_series,KG-SER-01,0.8,series=incan,Both belong to the Incan collection; merchandise together.,457,467
GNE27JYMFS,GNE25JMKES,same_series,KG-SER-01,0.8,series=fridge,Both belong to the Fridge collection; merchandise together.,660,662
GNE27JYMFS,PAD28BYTFS,same_series,KG-SER-01,0.8,series=fridge,Both belong to the Fridge collection; merchandise together.,660,664
GNE27JYMFS,PGE29BYTFS,same_series,KG-SER-01,0.8,series=fridge,Both belong to the Fridge collection; merchandise together.,660,665
LT18S2100W,LT18S2100SS,same_series,KG-SER-01,0.8,series=fridge,Both belong to the Fridge collection; merchandise together.,667,668
48-22-8396R,48-22-8397R,same_series,KG-SER-01,0.8,series=insulated,Both belong to the Insulated collection; merchandise together.,688,689
DCGG581B,DCGG581GD1,same_series,KG-SER-01,0.8,series=grease gun,Both belong to the Grease Gun collection; merchandise together.,690,691
173950TBK,173951TBK,same_series,KG-SER-01,0.8,series=dsi alum,Both belong to the Dsi Alum collection; merchandise together.,694,695
173950TBK,173952TBK,same_series,KG-SER-01,0.8,series=dsi alum,Both belong to the Dsi Alum collection; merchandise together.,694,696
KB121VS,KB126VS,same_series,KG-SER-01,0.8,series=edge kabru frame,Both belong to the Edge Kabru Frame collection; merchandise together.,706,707
TC121VS,TC126VS,same_series,KG-SER-01,0.8,series=edge tacana frame,Both belong to the Edge Tacana Frame collection; merchandise together.,708,709
F200B-21L,F200B-21M,same_series,KG-SER-01,0.8,series=womens heated,Both belong to the Womens Heated collection; merchandise together.,732,733
M200G-21L,M200G-21M,same_series,KG-SER-01,0.8,series=gray heated,Both belong to the Gray Heated collection; merchandise together.,737,738
3202-20,3203-20,same_series,KG-SER-01,0.8,series=led,Both belong to the Led collection; merchandise together.,744,745
25459,25759,same_series,KG-SER-01,0.8,series=mason line brd,Both belong to the Mason Line Brd collection; merchandise together.,756,758
25459,25762,same_series,KG-SER-01,0.8,series=mason line brd,Both belong to the Mason Line Brd collection; merchandise together.,756,774
QB22RU,QB22KU,same_series,KG-SER-01,0.8,series=carrying holder,Both belong to the Carrying Holder collection; merchandise together.,780,781
48-22-9483,48-22-9485,same_series,KG-SER-01,0.8,series=packout metric,Both belong to the Packout Metric collection; merchandise together.,791,793
KPTDR050A,KPTDV025A,same_series,KG-SER-01,0.8,series=ionic compact,Both belong to the Ionic Compact collection; merchandise together.,812,865
3048-20,3049-20,same_series,KG-SER-01,0.8,series=friction ring,Both belong to the Friction Ring collection; merchandise together.,866,867
577728,577738,same_series,KG-SER-01,0.8,series=cordless etsc,Both belong to the Cordless Etsc collection; merchandise together.,892,893
D1012LF,D1216LF,same_series,KG-SER-01,0.8,series=teeth laminate,Both belong to the Teeth Laminate collection; merchandise together.,913,914
XT524,XT536,same_series,KG-SER-01,0.8,series=xt xtender,Both belong to the Xt Xtender collection; merchandise together.,949,950
XT524,XT546,same_series,KG-SER-01,0.8,series=xt xtender,Both belong to the Xt Xtender collection; merchandise together.,949,951
XTP235,XTP242,same_series,KG-SER-01,0.8,series=xtp xtender,Both belong to the Xtp Xtender collection; merchandise together.,952,990
DCB2108,DCB2108-2,same_series,KG-SER-01,0.8,series=battery max,Both belong to the Battery Max collection; merchandise together.,962,963
48-59-1211,2847-20,same_series,KG-SER-01,0.8,series=power supply,Both belong to the Power Supply collection; merchandise together.,973,974
