row,part_number,status,score,family_id,issue_kind,severity,message,affects_family_rows,review_value
475,576355,needs_review,0.8932,F-0a98d661,item_type_unresolved,review,No item type could be resolved from '60 100 150 Led'.,65,6.945
475,576355,needs_review,0.8932,F-0a98d661,classification_abstained,review,"No taxonomy rule matched item type '576355 60/100/150 Led Med 50k'. Classpath left empty rather than guessed, because attribute validation is keyed on it.",65,6.945
476,576363,needs_review,0.8932,F-0a98d661,item_type_unresolved,review,No item type could be resolved from '100 150 200 Led'.,65,6.945
476,576363,needs_review,0.8932,F-0a98d661,classification_abstained,review,"No taxonomy rule matched item type '576363 100/150/200 Led Med 27k'. Classpath left empty rather than guessed, because attribute validation is keyed on it.",65,6.945
479,576371,needs_review,0.8932,F-0a98d661,item_type_unresolved,review,No item type could be resolved from '100 150 200 Led'.,65,6.945
479,576371,needs_review,0.8932,F-0a98d661,classification_abstained,review,"No taxonomy rule matched item type '576371 100/150/200 Led Med 50k'. Classpath left empty rather than guessed, because attribute validation is keyed on it.",65,6.945
483,576389,needs_review,0.8932,F-0a98d661,item_type_unresolved,review,No item type could be resolved from '100 200 300 Led'.,65,6.945
483,576389,needs_review,0.8932,F-0a98d661,classification_abstained,review,"No taxonomy rule matched item type '576389 100/200/300 Led Med 27k'. Classpath left empty rather than guessed, because attribute validation is keyed on it.",65,6.945
574,571513,needs_review,0.8932,F-0a98d661,item_type_unresolved,review,No item type could be resolved from '40 60 100 Led'.,65,6.945
574,571513,needs_review,0.8932,F-0a98d661,classification_abstained,review,"No taxonomy rule matched item type '571513 40/60/100 Led Med 27k'. Classpath left empty rather than guessed, because attribute validation is keyed on it.",65,6.945
481,564856,needs_review,0.8902,F-400fbb48,classification_abstained,review,"No taxonomy rule matched item type 'LED St'. Classpath left empty rather than guessed, because attribute validation is keyed on it.",10,1.098
487,566364,needs_review,0.8902,F-400fbb48,classification_abstained,review,"No taxonomy rule matched item type 'LED St'. Classpath left empty rather than guessed, because attribute validation is keyed on it.",10,1.098
493,574004,needs_review,0.8902,F-400fbb48,classification_abstained,review,"No taxonomy rule matched item type 'LED St'. Classpath left empty rather than guessed, because attribute validation is keyed on it.",10,1.098
494,574012,needs_review,0.8902,F-400fbb48,classification_abstained,review,"No taxonomy rule matched item type 'LED St'. Classpath left empty rather than guessed, because attribute validation is keyed on it.",10,1.098
495,573971,needs_review,0.8902,F-400fbb48,classification_abstained,review,"No taxonomy rule matched item type 'LED St'. Classpath left empty rather than guessed, because attribute validation is keyed on it.",10,1.098
79,PTD70GBPTDG,needs_review,0.8645,F-65a898bb,CG-MOB-01,warning,"MOBILE_DESC is 45 characters, minimum 60.",8,1.084
79,PTD70GBPTDG,needs_review,0.8645,F-65a898bb,family_anomaly,review,brand is 'GE®' but 6 of 8 siblings in family F-65a898bb say 'Speed Queen®'. Likely a defect in the source catalogue.,8,1.084
80,PTD70GBSTWS,needs_review,0.8845,F-65a898bb,CG-MOB-01,warning,"MOBILE_DESC is 44 characters, minimum 60.",8,0.924
80,PTD70GBSTWS,needs_review,0.8845,F-65a898bb,family_anomaly,review,brand is 'GE®' but 6 of 8 siblings in family F-65a898bb say 'Speed Queen®'. Likely a defect in the source catalogue.,8,0.924
721,MWUG42010124,blocked,0.8653,F-1aee3ff1,CG-MOB-01,warning,"MOBILE_DESC is 41 characters, minimum 60.",6,0.808
721,MWUG42010124,blocked,0.8653,F-1aee3ff1,CG-BRD-01,error,No approved brand resolved.,6,0.808
721,MWUG42010124,blocked,0.8653,F-1aee3ff1,brand_unresolved,review,Supplier is a distributor or buying co-op and no brand could be recovered from the description or part number.,6,0.808
722,MWUG42010224,blocked,0.8653,F-1aee3ff1,CG-MOB-01,warning,"MOBILE_DESC is 41 characters, minimum 60.",6,0.808
722,MWUG42010224,blocked,0.8653,F-1aee3ff1,CG-BRD-01,error,No approved brand resolved.,6,0.808
722,MWUG42010224,blocked,0.8653,F-1aee3ff1,brand_unresolved,review,Supplier is a distributor or buying co-op and no brand could be recovered from the description or part number.,6,0.808
723,MWUG42010324,blocked,0.8653,F-1aee3ff1,CG-MOB-01,warning,"MOBILE_DESC is 41 characters, minimum 60.",6,0.808
723,MWUG42010324,blocked,0.8653,F-1aee3ff1,CG-BRD-01,error,No approved brand resolved.,6,0.808
723,MWUG42010324,blocked,0.8653,F-1aee3ff1,brand_unresolved,review,Supplier is a distributor or buying co-op and no brand could be recovered from the description or part number.,6,0.808
725,MWUG42010524,blocked,0.8653,F-1aee3ff1,CG-MOB-01,warning,"MOBILE_DESC is 41 characters, minimum 60.",6,0.808
725,MWUG42010524,blocked,0.8653,F-1aee3ff1,CG-BRD-01,error,No approved brand resolved.,6,0.808
725,MWUG42010524,blocked,0.8653,F-1aee3ff1,brand_unresolved,review,Supplier is a distributor or buying co-op and no brand could be recovered from the description or part number.,6,0.808
530,576009,needs_review,0.8423,F-d7e3f1fc,classification_abstained,review,"No taxonomy rule matched item type 'L'. Classpath left empty rather than guessed, because attribute validation is keyed on it.",5,0.788
536,576017,needs_review,0.8423,F-d7e3f1fc,classification_abstained,review,"No taxonomy rule matched item type 'L'. Classpath left empty rather than guessed, because attribute validation is keyed on it.",5,0.788
726,MWUG42010624,blocked,0.8835,F-1aee3ff1,CG-MOB-01,warning,"MOBILE_DESC is 33 characters, minimum 60.",6,0.699
726,MWUG42010624,blocked,0.8835,F-1aee3ff1,CG-BRD-01,error,No approved brand resolved.,6,0.699
726,MWUG42010624,blocked,0.8835,F-1aee3ff1,brand_unresolved,review,Supplier is a distributor or buying co-op and no brand could be recovered from the description or part number.,6,0.699
727,MWUG36010225,blocked,0.8691,F-03f290ba,CG-MOB-01,warning,"MOBILE_DESC is 49 characters, minimum 60.",5,0.655
727,MWUG36010225,blocked,0.8691,F-03f290ba,CG-BRD-01,error,No approved brand resolved.,5,0.655
727,MWUG36010225,blocked,0.8691,F-03f290ba,brand_unresolved,review,Supplier is a distributor or buying co-op and no brand could be recovered from the description or part number.,5,0.655
728,MWUG36010325,blocked,0.8691,F-03f290ba,CG-MOB-01,warning,"MOBILE_DESC is 49 characters, minimum 60.",5,0.655
728,MWUG36010325,blocked,0.8691,F-03f290ba,CG-BRD-01,error,No approved brand resolved.,5,0.655
728,MWUG36010325,blocked,0.8691,F-03f290ba,brand_unresolved,review,Supplier is a distributor or buying co-op and no brand could be recovered from the description or part number.,5,0.655
730,MWUG36010525,blocked,0.8691,F-03f290ba,CG-MOB-01,warning,"MOBILE_DESC is 49 characters, minimum 60.",5,0.655
730,MWUG36010525,blocked,0.8691,F-03f290ba,CG-BRD-01,error,No approved brand resolved.,5,0.655
730,MWUG36010525,blocked,0.8691,F-03f290ba,brand_unresolved,review,Supplier is a distributor or buying co-op and no brand could be recovered from the description or part number.,5,0.655
105,73019602,blocked,0.7884,F-11c296c7,CG-BRD-01,error,No approved brand resolved.,3,0.635
106,73019651,blocked,0.7884,F-11c296c7,CG-BRD-01,error,No approved brand resolved.,3,0.635
107,73019516,blocked,0.7884,F-11c296c7,CG-BRD-01,error,No approved brand resolved.,3,0.635
898,578800,needs_review,0.8962,F-8ecfff1c,classification_abstained,review,"No taxonomy rule matched item type 'Gr Pro'. Classpath left empty rather than guessed, because attribute validation is keyed on it.",6,0.623
899,578801,needs_review,0.8962,F-8ecfff1c,classification_abstained,review,"No taxonomy rule matched item type 'Gr Pro'. Classpath left empty rather than guessed, because attribute validation is keyed on it.",6,0.623
900,578802,needs_review,0.8962,F-8ecfff1c,classification_abstained,review,"No taxonomy rule matched item type 'S Gr Pro'. Classpath left empty rather than guessed, because attribute validation is keyed on it.",6,0.623
901,578808,needs_review,0.8962,F-8ecfff1c,CG-MOB-01,warning,"MOBILE_DESC is 57 characters, minimum 60.",6,0.623
901,578808,needs_review,0.8962,F-8ecfff1c,classification_abstained,review,"No taxonomy rule matched item type 'Gr Pro'. Classpath left empty rather than guessed, because attribute validation is keyed on it.",6,0.623
902,578809,needs_review,0.8962,F-8ecfff1c,CG-MOB-01,warning,"MOBILE_DESC is 57 characters, minimum 60.",6,0.623
902,578809,needs_review,0.8962,F-8ecfff1c,classification_abstained,review,"No taxonomy rule matched item type 'Gr Pro'. Classpath left empty rather than guessed, because attribute validation is keyed on it.",6,0.623
903,578810,needs_review,0.8962,F-8ecfff1c,CG-MOB-01,warning,"MOBILE_DESC is 57 characters, minimum 60.",6,0.623
903,578810,needs_review,0.8962,F-8ecfff1c,classification_abstained,review,"No taxonomy rule matched item type 'S Gr Pro'. Classpath left empty rather than guessed, because attribute validation is keyed on it.",6,0.623
731,MWUG36010625,blocked,0.8877,F-03f290ba,CG-MOB-01,warning,"MOBILE_DESC is 38 characters, minimum 60.",5,0.561
731,MWUG36010625,blocked,0.8877,F-03f290ba,CG-BRD-01,error,No approved brand resolved.,5,0.561
731,MWUG36010625,blocked,0.8877,F-03f290ba,brand_unresolved,review,Supplier is a distributor or buying co-op and no brand could be recovered from the description or part number.,5,0.561
362,AYCL-153PH-LA,blocked,0.738,F-942892b3,CG-MOB-01,warning,"MOBILE_DESC is 31 characters, minimum 60.",2,0.524
362,AYCL-153PH-LA,blocked,0.738,F-942892b3,CG-BRD-01,error,No approved brand resolved.,2,0.524
362,AYCL-153PH-LA,blocked,0.738,F-942892b3,brand_unresolved,review,Supplier is a distributor or buying co-op and no brand could be recovered from the description or part number.,2,0.524
362,AYCL-153PH-LA,blocked,0.738,F-942892b3,item_type_unresolved,review,No item type could be resolved from 'Lutron Dimmer LA'.,2,0.524
757,25459,needs_review,0.7473,F-a27d1c28,low_confidence,review,Row confidence below threshold.,2,0.505
759,25759,needs_review,0.7473,F-a27d1c28,low_confidence,review,Row confidence below threshold.,2,0.505
315,1513577,blocked,0.8829,F-30cd5dbc,CG-MOB-01,warning,"MOBILE_DESC is 53 characters, minimum 60.",4,0.468
315,1513577,blocked,0.8829,F-30cd5dbc,CG-TAX-01,error,Unclassified: attribute validation cannot be keyed.,4,0.468
315,1513577,blocked,0.8829,F-30cd5dbc,CG-BRD-01,error,No approved brand resolved.,4,0.468
315,1513577,blocked,0.8829,F-30cd5dbc,brand_unresolved,review,Supplier is a distributor or buying co-op and no brand could be recovered from the description or part number.,4,0.468
315,1513577,blocked,0.8829,F-30cd5dbc,classification_abstained,review,"No taxonomy rule matched item type 'Smooth S E'. Classpath left empty rather than guessed, because attribute validation is keyed on it.",4,0.468
316,1513578,blocked,0.8829,F-30cd5dbc,CG-MOB-01,warning,"MOBILE_DESC is 53 characters, minimum 60.",4,0.468
316,1513578,blocked,0.8829,F-30cd5dbc,CG-TAX-01,error,Unclassified: attribute validation cannot be keyed.,4,0.468
316,1513578,blocked,0.8829,F-30cd5dbc,CG-BRD-01,error,No approved brand resolved.,4,0.468
316,1513578,blocked,0.8829,F-30cd5dbc,brand_unresolved,review,Supplier is a distributor or buying co-op and no brand could be recovered from the description or part number.,4,0.468
316,1513578,blocked,0.8829,F-30cd5dbc,classification_abstained,review,"No taxonomy rule matched item type 'Smooth S E'. Classpath left empty rather than guessed, because attribute validation is keyed on it.",4,0.468
317,1513579,blocked,0.8829,F-30cd5dbc,CG-MOB-01,warning,"MOBILE_DESC is 54 characters, minimum 60.",4,0.468
317,1513579,blocked,0.8829,F-30cd5dbc,CG-TAX-01,error,Unclassified: attribute validation cannot be keyed.,4,0.468
317,1513579,blocked,0.8829,F-30cd5dbc,CG-BRD-01,error,No approved brand resolved.,4,0.468
317,1513579,blocked,0.8829,F-30cd5dbc,brand_unresolved,review,Supplier is a distributor or buying co-op and no brand could be recovered from the description or part number.,4,0.468
317,1513579,blocked,0.8829,F-30cd5dbc,classification_abstained,review,"No taxonomy rule matched item type 'Smooth S E'. Classpath left empty rather than guessed, because attribute validation is keyed on it.",4,0.468
318,1513580,blocked,0.8829,F-30cd5dbc,CG-MOB-01,warning,"MOBILE_DESC is 54 characters, minimum 60.",4,0.468
318,1513580,blocked,0.8829,F-30cd5dbc,CG-TAX-01,error,Unclassified: attribute validation cannot be keyed.,4,0.468
318,1513580,blocked,0.8829,F-30cd5dbc,CG-BRD-01,error,No approved brand resolved.,4,0.468
318,1513580,blocked,0.8829,F-30cd5dbc,brand_unresolved,review,Supplier is a distributor or buying co-op and no brand could be recovered from the description or part number.,4,0.468
318,1513580,blocked,0.8829,F-30cd5dbc,classification_abstained,review,"No taxonomy rule matched item type 'Smooth S E'. Classpath left empty rather than guessed, because attribute validation is keyed on it.",4,0.468
293,73019598,blocked,0.7884,F-ec3aac3e,CG-BRD-01,error,No approved brand resolved.,2,0.423
294,73019647,blocked,0.7884,F-ec3aac3e,CG-BRD-01,error,No approved brand resolved.,2,0.423
10,9A-570-240,blocked,0.8967,F-baf4a308,CG-MOB-01,warning,"MOBILE_DESC is 56 characters, minimum 60.",4,0.413
10,9A-570-240,blocked,0.8967,F-baf4a308,CG-TAX-01,error,Unclassified: attribute validation cannot be keyed.,4,0.413
10,9A-570-240,blocked,0.8967,F-baf4a308,classification_abstained,review,"No taxonomy rule matched item type 'Abranet'. Classpath left empty rather than guessed, because attribute validation is keyed on it.",4,0.413
11,9A-570-320,blocked,0.8967,F-baf4a308,CG-MOB-01,warning,"MOBILE_DESC is 56 characters, minimum 60.",4,0.413
11,9A-570-320,blocked,0.8967,F-baf4a308,CG-TAX-01,error,Unclassified: attribute validation cannot be keyed.,4,0.413
11,9A-570-320,blocked,0.8967,F-baf4a308,classification_abstained,review,"No taxonomy rule matched item type 'Abranet'. Classpath left empty rather than guessed, because attribute validation is keyed on it.",4,0.413
804,9A-219-180,blocked,0.8967,F-baf4a308,CG-MOB-01,warning,"MOBILE_DESC is 58 characters, minimum 60.",4,0.413
804,9A-219-180,blocked,0.8967,F-baf4a308,CG-TAX-01,error,Unclassified: attribute validation cannot be keyed.,4,0.413
804,9A-219-180,blocked,0.8967,F-baf4a308,classification_abstained,review,"No taxonomy rule matched item type 'Abranet'. Classpath left empty rather than guessed, because attribute validation is keyed on it.",4,0.413
805,9A-219-120RP,blocked,0.8967,F-baf4a308,CG-TAX-01,error,Unclassified: attribute validation cannot be keyed.,4,0.413
805,9A-219-120RP,blocked,0.8967,F-baf4a308,classification_abstained,review,"No taxonomy rule matched item type 'Abranet'. Classpath left empty rather than guessed, because attribute validation is keyed on it.",4,0.413
689,48-22-8396R,blocked,0.8005,F-99f0129b,CG-MOB-01,warning,"MOBILE_DESC is 57 characters, minimum 60.",2,0.399
689,48-22-8396R,blocked,0.8005,F-99f0129b,CG-TAX-01,error,Unclassified: attribute validation cannot be keyed.,2,0.399
689,48-22-8396R,blocked,0.8005,F-99f0129b,classification_abstained,review,"No taxonomy rule matched item type 'Bottle'. Classpath left empty rather than guessed, because attribute validation is keyed on it.",2,0.399
690,48-22-8397R,blocked,0.8005,F-99f0129b,CG-MOB-01,warning,"MOBILE_DESC is 57 characters, minimum 60.",2,0.399
690,48-22-8397R,blocked,0.8005,F-99f0129b,CG-TAX-01,error,Unclassified: attribute validation cannot be keyed.,2,0.399
690,48-22-8397R,blocked,0.8005,F-99f0129b,classification_abstained,review,"No taxonomy rule matched item type 'Bottle'. Classpath left empty rather than guessed, because attribute validation is keyed on it.",2,0.399
304,FS C01 2004S,blocked,0.8783,F-3328d449,CG-TAX-01,error,Unclassified: attribute validation cannot be keyed.,3,0.365
304,FS C01 2004S,blocked,0.8783,F-3328d449,classification_abstained,review,"No taxonomy rule matched item type 'Solar Shade Ro'. Classpath left empty rather than guessed, because attribute validation is keyed on it.",3,0.365
305,FS C04 2004S,blocked,0.8783,F-3328d449,CG-TAX-01,error,Unclassified: attribute validation cannot be keyed.,3,0.365
305,FS C04 2004S,blocked,0.8783,F-3328d449,classification_abstained,review,"No taxonomy rule matched item type 'Solar Shade Ro'. Classpath left empty rather than guessed, because attribute validation is keyed on it.",3,0.365
306,FS C06 2004S,blocked,0.8783,F-3328d449,CG-TAX-01,error,Unclassified: attribute validation cannot be keyed.,3,0.365
306,FS C06 2004S,blocked,0.8783,F-3328d449,classification_abstained,review,"No taxonomy rule matched item type 'Solar Shade Ro'. Classpath left empty rather than guessed, because attribute validation is keyed on it.",3,0.365
713,FE-EFX-6L,blocked,0.8339,F-33a94537,CG-MOB-01,warning,"MOBILE_DESC is 36 characters, minimum 60.",2,0.332
713,FE-EFX-6L,blocked,0.8339,F-33a94537,CG-TAX-01,error,Unclassified: attribute validation cannot be keyed.,2,0.332
713,FE-EFX-6L,blocked,0.8339,F-33a94537,CG-BRD-01,error,No approved brand resolved.,2,0.332
713,FE-EFX-6L,blocked,0.8339,F-33a94537,classification_abstained,review,"No taxonomy rule matched item type 'L'. Classpath left empty rather than guessed, because attribute validation is keyed on it.",2,0.332
714,FE-EFX-9L,blocked,0.8339,F-33a94537,CG-MOB-01,warning,"MOBILE_DESC is 36 characters, minimum 60.",2,0.332
714,FE-EFX-9L,blocked,0.8339,F-33a94537,CG-TAX-01,error,Unclassified: attribute validation cannot be keyed.,2,0.332
714,FE-EFX-9L,blocked,0.8339,F-33a94537,CG-BRD-01,error,No approved brand resolved.,2,0.332
714,FE-EFX-9L,blocked,0.8339,F-33a94537,classification_abstained,review,"No taxonomy rule matched item type 'L'. Classpath left empty rather than guessed, because attribute validation is keyed on it.",2,0.332
300,1517602,blocked,0.8389,F-c417013b,CG-TAX-01,error,Unclassified: attribute validation cannot be keyed.,2,0.322
300,1517602,blocked,0.8389,F-c417013b,classification_abstained,review,"No taxonomy rule matched item type 'Arg W J'. Classpath left empty rather than guessed, because attribute validation is keyed on it.",2,0.322
303,1517605,blocked,0.8389,F-914c168e,CG-TAX-01,error,Unclassified: attribute validation cannot be keyed.,2,0.322
303,1517605,blocked,0.8389,F-914c168e,classification_abstained,review,"No taxonomy rule matched item type 'Arg W J'. Classpath left empty rather than guessed, because attribute validation is keyed on it.",2,0.322
363,AYCL-153PH-WH,blocked,0.8475,F-942892b3,CG-MOB-01,warning,"MOBILE_DESC is 28 characters, minimum 60.",2,0.305
363,AYCL-153PH-WH,blocked,0.8475,F-942892b3,CG-BRD-01,error,No approved brand resolved.,2,0.305
363,AYCL-153PH-WH,blocked,0.8475,F-942892b3,brand_unresolved,review,Supplier is a distributor or buying co-op and no brand could be recovered from the description or part number.,2,0.305
747,BC-12300,blocked,0.8484,F-03e71d8c,CG-MOB-01,warning,"MOBILE_DESC is 50 characters, minimum 60.",2,0.303
747,BC-12300,blocked,0.8484,F-03e71d8c,CG-TAX-01,error,Unclassified: attribute validation cannot be keyed.,2,0.303
747,BC-12300,blocked,0.8484,F-03e71d8c,classification_abstained,review,"No taxonomy rule matched item type 'Mm'. Classpath left empty rather than guessed, because attribute validation is keyed on it.",2,0.303
748,BC-24600,blocked,0.8484,F-03e71d8c,CG-MOB-01,warning,"MOBILE_DESC is 50 characters, minimum 60.",2,0.303
748,BC-24600,blocked,0.8484,F-03e71d8c,CG-TAX-01,error,Unclassified: attribute validation cannot be keyed.,2,0.303
748,BC-24600,blocked,0.8484,F-03e71d8c,classification_abstained,review,"No taxonomy rule matched item type 'Mm'. Classpath left empty rather than guessed, because attribute validation is keyed on it.",2,0.303
307,1501831,blocked,0.8488,F-09190d25,CG-TAX-01,error,Unclassified: attribute validation cannot be keyed.,2,0.302
307,1501831,blocked,0.8488,F-09190d25,classification_abstained,review,"No taxonomy rule matched item type 'Screen'. Classpath left empty rather than guessed, because attribute validation is keyed on it.",2,0.302
308,1501832,blocked,0.8488,F-09190d25,CG-TAX-01,error,Unclassified: attribute validation cannot be keyed.,2,0.302
308,1501832,blocked,0.8488,F-09190d25,classification_abstained,review,"No taxonomy rule matched item type 'Screen'. Classpath left empty rather than guessed, because attribute validation is keyed on it.",2,0.302
301,1517603,blocked,0.8524,F-c417013b,CG-TAX-01,error,Unclassified: attribute validation cannot be keyed.,2,0.295
301,1517603,blocked,0.8524,F-c417013b,classification_abstained,review,"No taxonomy rule matched item type 'Arg W J'. Classpath left empty rather than guessed, because attribute validation is keyed on it.",2,0.295
302,1517604,blocked,0.8524,F-914c168e,CG-TAX-01,error,Unclassified: attribute validation cannot be keyed.,2,0.295
302,1517604,blocked,0.8524,F-914c168e,classification_abstained,review,"No taxonomy rule matched item type 'Arg W J'. Classpath left empty rather than guessed, because attribute validation is keyed on it.",2,0.295
330,7547,blocked,0.7145,F-c07768f2,CG-MOB-01,warning,"MOBILE_DESC is 36 characters, minimum 60.",1,0.285
330,7547,blocked,0.7145,F-c07768f2,CG-BRD-01,error,No approved brand resolved.,1,0.285
8,5B-332-080,blocked,0.8603,F-6b2a78d3,CG-MOB-01,warning,"MOBILE_DESC is 47 characters, minimum 60.",2,0.279
8,5B-332-080,blocked,0.8603,F-6b2a78d3,CG-TAX-01,error,Unclassified: attribute validation cannot be keyed.,2,0.279
8,5B-332-080,blocked,0.8603,F-6b2a78d3,classification_abstained,review,"No taxonomy rule matched item type 'Hiolit'. Classpath left empty rather than guessed, because attribute validation is keyed on it.",2,0.279
9,5B-332-120,blocked,0.8603,F-6b2a78d3,CG-MOB-01,warning,"MOBILE_DESC is 48 characters, minimum 60.",2,0.279
9,5B-332-120,blocked,0.8603,F-6b2a78d3,CG-TAX-01,error,Unclassified: attribute validation cannot be keyed.,2,0.279
9,5B-332-120,blocked,0.8603,F-6b2a78d3,classification_abstained,review,"No taxonomy rule matched item type 'Hiolit'. Classpath left empty rather than guessed, because attribute validation is keyed on it.",2,0.279
346,BM-DW20-YLW-6,needs_review,0.7336,F-e434851b,CG-MOB-01,warning,"MOBILE_DESC is 55 characters, minimum 60.",1,0.266
619,R52-0PJ13-00W,blocked,0.8682,F-7d803cd8,CG-TAX-01,error,Unclassified: attribute validation cannot be keyed.,2,0.264
619,R52-0PJ13-00W,blocked,0.8682,F-7d803cd8,classification_abstained,review,"No taxonomy rule matched item type 'Blank'. Classpath left empty rather than guessed, because attribute validation is keyed on it.",2,0.264
628,C7CEBBS2RS3,blocked,0.7373,F-fc30fb1b,CG-MOB-01,warning,"MOBILE_DESC is 57 characters, minimum 60.",1,0.263
628,C7CEBBS2RS3,blocked,0.7373,F-fc30fb1b,CG-BRD-01,error,No approved brand resolved.,1,0.263
628,C7CEBBS2RS3,blocked,0.7373,F-fc30fb1b,brand_unresolved,review,Supplier is a distributor or buying co-op and no brand could be recovered from the description or part number.,1,0.263
758,35459,blocked,0.7373,F-25f12fb3,CG-MOB-01,warning,"MOBILE_DESC is 49 characters, minimum 60.",1,0.263
758,35459,blocked,0.7373,F-25f12fb3,CG-BRD-01,error,No approved brand resolved.,1,0.263
344,402-R,blocked,0.741,F-8211446a,CG-MOB-01,warning,"MOBILE_DESC is 5 characters, minimum 60.",1,0.259
344,402-R,blocked,0.741,F-8211446a,CG-BRD-01,error,No approved brand resolved.,1,0.259
344,402-R,blocked,0.741,F-8211446a,item_type_unresolved,review,No item type could be resolved from '402R 12V12AH 8D Battery'.,1,0.259
631,C7CESAS3RD3,needs_review,0.7458,F-918001ac,CG-MOB-01,warning,"MOBILE_DESC is 54 characters, minimum 60.",1,0.254
732,DPG15,needs_review,0.7458,F-a9477227,brand_manufacturer_mismatch,review,Supplied manufacturer 'Radians (7363)' does not correspond to the approved manufacturer 'Stanley Black & Decker' for brand DEWALT®.,1,0.254
345,SL1672,blocked,0.7467,F-b0eb3833,CG-MOB-01,warning,"MOBILE_DESC is 26 characters, minimum 60.",1,0.253
345,SL1672,blocked,0.7467,F-b0eb3833,CG-TAX-01,error,Unclassified: attribute validation cannot be keyed.,1,0.253
345,SL1672,blocked,0.7467,F-b0eb3833,classification_abstained,review,"No taxonomy rule matched item type 'Supply'. Classpath left empty rather than guessed, because attribute validation is keyed on it.",1,0.253
775,25762,needs_review,0.7473,F-52a57620,low_confidence,review,Row confidence below threshold.,1,0.253
766,MLSQ1120,needs_review,0.7487,F-b9b6f2a5,CG-MOB-01,warning,"MOBILE_DESC is 43 characters, minimum 60.",1,0.251
361,5522-5EV,blocked,0.7533,F-ccc440f7,CG-MOB-01,warning,"MOBILE_DESC is 27 characters, minimum 60.",1,0.247
361,5522-5EV,blocked,0.7533,F-ccc440f7,CG-TAX-01,error,Unclassified: attribute validation cannot be keyed.,1,0.247
361,5522-5EV,blocked,0.7533,F-ccc440f7,CG-BRD-01,error,No approved brand resolved.,1,0.247
361,5522-5EV,blocked,0.7533,F-ccc440f7,brand_unresolved,review,Supplier is a distributor or buying co-op and no brand could be recovered from the description or part number.,1,0.247
361,5522-5EV,blocked,0.7533,F-ccc440f7,classification_abstained,review,"No taxonomy rule matched item type 'Plate'. Classpath left empty rather than guessed, because attribute validation is keyed on it.",1,0.247
586,NEB-FLT-1021,blocked,0.7533,F-1f5ff37c,CG-MOB-01,warning,"MOBILE_DESC is 33 characters, minimum 60.",1,0.247
586,NEB-FLT-1021,blocked,0.7533,F-1f5ff37c,CG-TAX-01,error,Unclassified: attribute validation cannot be keyed.,1,0.247
586,NEB-FLT-1021,blocked,0.7533,F-1f5ff37c,CG-BRD-01,error,No approved brand resolved.,1,0.247
586,NEB-FLT-1021,blocked,0.7533,F-1f5ff37c,classification_abstained,review,"No taxonomy rule matched item type 'Flashlt'. Classpath left empty rather than guessed, because attribute validation is keyed on it.",1,0.247
672,TP-1935,blocked,0.7533,F-25b38b2b,CG-MOB-01,warning,"MOBILE_DESC is 30 characters, minimum 60.",1,0.247
672,TP-1935,blocked,0.7533,F-25b38b2b,CG-TAX-01,error,Unclassified: attribute validation cannot be keyed.,1,0.247
672,TP-1935,blocked,0.7533,F-25b38b2b,CG-BRD-01,error,No approved brand resolved.,1,0.247
672,TP-1935,blocked,0.7533,F-25b38b2b,classification_abstained,review,"No taxonomy rule matched item type 'Drilling'. Classpath left empty rather than guessed, because attribute validation is keyed on it.",1,0.247
618,R50-0SL13-000,blocked,0.8768,F-7d803cd8,CG-TAX-01,error,Unclassified: attribute validation cannot be keyed.,2,0.246
618,R50-0SL13-000,blocked,0.8768,F-7d803cd8,classification_abstained,review,"No taxonomy rule matched item type 'Blank'. Classpath left empty rather than guessed, because attribute validation is keyed on it.",2,0.246
664,PRFS2883AF,blocked,0.8771,F-9d2cd8ab,CG-MOB-01,warning,"MOBILE_DESC is 56 characters, minimum 60.",2,0.246
664,PRFS2883AF,blocked,0.8771,F-9d2cd8ab,CG-BRD-01,error,No approved brand resolved.,2,0.246
664,PRFS2883AF,blocked,0.8771,F-9d2cd8ab,brand_unresolved,review,Supplier is a distributor or buying co-op and no brand could be recovered from the description or part number.,2,0.246
764,35494,blocked,0.7556,F-f3c76f8a,CG-MOB-01,warning,"MOBILE_DESC is 55 characters, minimum 60.",1,0.244
764,35494,blocked,0.7556,F-f3c76f8a,CG-BRD-01,error,No approved brand resolved.,1,0.244
621,XOU24BCGSR,blocked,0.8807,F-d0894c16,CG-MOB-01,warning,"MOBILE_DESC is 44 characters, minimum 60.",2,0.239
621,XOU24BCGSR,blocked,0.8807,F-d0894c16,CG-BRD-01,error,No approved brand resolved.,2,0.239
621,XOU24BCGSR,blocked,0.8807,F-d0894c16,brand_unresolved,review,Supplier is a distributor or buying co-op and no brand could be recovered from the description or part number.,2,0.239
622,XOU24WDZGBR,blocked,0.8807,F-d0894c16,CG-MOB-01,warning,"MOBILE_DESC is 35 characters, minimum 60.",2,0.239
622,XOU24WDZGBR,blocked,0.8807,F-d0894c16,CG-BRD-01,error,No approved brand resolved.,2,0.239
622,XOU24WDZGBR,blocked,0.8807,F-d0894c16,brand_unresolved,review,Supplier is a distributor or buying co-op and no brand could be recovered from the description or part number.,2,0.239
484,564492,blocked,0.883,F-6721cf24,CG-MOB-01,warning,"MOBILE_DESC is 55 characters, minimum 60.",2,0.234
484,564492,blocked,0.883,F-6721cf24,CG-TAX-01,error,Unclassified: attribute validation cannot be keyed.,2,0.234
484,564492,blocked,0.883,F-6721cf24,classification_abstained,review,"No taxonomy rule matched item type 'Base'. Classpath left empty rather than guessed, because attribute validation is keyed on it.",2,0.234
573,564500,blocked,0.883,F-6721cf24,CG-MOB-01,warning,"MOBILE_DESC is 55 characters, minimum 60.",2,0.234
573,564500,blocked,0.883,F-6721cf24,CG-TAX-01,error,Unclassified: attribute validation cannot be keyed.,2,0.234
573,564500,blocked,0.883,F-6721cf24,classification_abstained,review,"No taxonomy rule matched item type 'Base'. Classpath left empty rather than guessed, because attribute validation is keyed on it.",2,0.234
71,D519127,blocked,0.77,F-f12c8edc,CG-MOB-01,warning,"MOBILE_DESC is 15 characters, minimum 60.",1,0.23
71,D519127,blocked,0.77,F-f12c8edc,CG-TAX-01,error,Unclassified: attribute validation cannot be keyed.,1,0.23
71,D519127,blocked,0.77,F-f12c8edc,CG-BRD-01,error,No approved brand resolved.,1,0.23
71,D519127,blocked,0.77,F-f12c8edc,brand_unresolved,review,Supplier is a distributor or buying co-op and no brand could be recovered from the description or part number.,1,0.23
71,D519127,blocked,0.77,F-f12c8edc,classification_abstained,review,"No taxonomy rule matched item type 'Heater'. Classpath left empty rather than guessed, because attribute validation is keyed on it.",1,0.23
284,73053603,blocked,0.8868,F-94f3a645,CG-MOB-01,warning,"MOBILE_DESC is 38 characters, minimum 60.",2,0.226
284,73053603,blocked,0.8868,F-94f3a645,CG-BRD-01,error,No approved brand resolved.,2,0.226
285,73053608,blocked,0.8868,F-94f3a645,CG-MOB-01,warning,"MOBILE_DESC is 38 characters, minimum 60.",2,0.226
285,73053608,blocked,0.8868,F-94f3a645,CG-BRD-01,error,No approved brand resolved.,2,0.226
452,141465,blocked,0.8876,F-4a8a1d1a,CG-TAX-01,error,Unclassified: attribute validation cannot be keyed.,2,0.225
452,141465,blocked,0.8876,F-4a8a1d1a,classification_abstained,review,"No taxonomy rule matched item type 'Flor'. Classpath left empty rather than guessed, because attribute validation is keyed on it.",2,0.225
454,392225,blocked,0.8876,F-4a8a1d1a,CG-TAX-01,error,Unclassified: attribute validation cannot be keyed.,2,0.225
454,392225,blocked,0.8876,F-4a8a1d1a,classification_abstained,review,"No taxonomy rule matched item type 'Flor'. Classpath left empty rather than guessed, because attribute validation is keyed on it.",2,0.225
320,PP-8BL,blocked,0.9254,F-a4475db7,CG-MOB-01,warning,"MOBILE_DESC is 35 characters, minimum 60.",3,0.224
320,PP-8BL,blocked,0.9254,F-a4475db7,CG-TAX-01,error,Unclassified: attribute validation cannot be keyed.,3,0.224
320,PP-8BL,blocked,0.9254,F-a4475db7,CG-BRD-01,error,No approved brand resolved.,3,0.224
320,PP-8BL,blocked,0.9254,F-a4475db7,brand_unresolved,review,Supplier is a distributor or buying co-op and no brand could be recovered from the description or part number.,3,0.224
320,PP-8BL,blocked,0.9254,F-a4475db7,classification_abstained,review,"No taxonomy rule matched item type 'Premier Rib Xl'. Classpath left empty rather than guessed, because attribute validation is keyed on it.",3,0.224
321,PP-10BL,blocked,0.9254,F-a4475db7,CG-MOB-01,warning,"MOBILE_DESC is 37 characters, minimum 60.",3,0.224
321,PP-10BL,blocked,0.9254,F-a4475db7,CG-TAX-01,error,Unclassified: attribute validation cannot be keyed.,3,0.224
321,PP-10BL,blocked,0.9254,F-a4475db7,CG-BRD-01,error,No approved brand resolved.,3,0.224
321,PP-10BL,blocked,0.9254,F-a4475db7,brand_unresolved,review,Supplier is a distributor or buying co-op and no brand could be recovered from the description or part number.,3,0.224
321,PP-10BL,blocked,0.9254,F-a4475db7,classification_abstained,review,"No taxonomy rule matched item type 'Premier Rib Xl'. Classpath left empty rather than guessed, because attribute validation is keyed on it.",3,0.224
322,PP-12BL,blocked,0.9254,F-a4475db7,CG-MOB-01,warning,"MOBILE_DESC is 37 characters, minimum 60.",3,0.224
322,PP-12BL,blocked,0.9254,F-a4475db7,CG-TAX-01,error,Unclassified: attribute validation cannot be keyed.,3,0.224
322,PP-12BL,blocked,0.9254,F-a4475db7,CG-BRD-01,error,No approved brand resolved.,3,0.224
322,PP-12BL,blocked,0.9254,F-a4475db7,brand_unresolved,review,Supplier is a distributor or buying co-op and no brand could be recovered from the description or part number.,3,0.224
322,PP-12BL,blocked,0.9254,F-a4475db7,classification_abstained,review,"No taxonomy rule matched item type 'Premier Rib Xl'. Classpath left empty rather than guessed, because attribute validation is keyed on it.",3,0.224
331,8912220,blocked,0.776,F-ed7f76de,CG-TAX-01,error,Unclassified: attribute validation cannot be keyed.,1,0.224
331,8912220,blocked,0.776,F-ed7f76de,classification_abstained,review,"No taxonomy rule matched item type 'Hardieplank'. Classpath left empty rather than guessed, because attribute validation is keyed on it.",1,0.224
698,1624157,blocked,0.776,F-8badf14a,CG-MOB-01,warning,"MOBILE_DESC is 49 characters, minimum 60.",1,0.224
698,1624157,blocked,0.776,F-8badf14a,CG-TAX-01,error,Unclassified: attribute validation cannot be keyed.,1,0.224
698,1624157,blocked,0.776,F-8badf14a,classification_abstained,review,"No taxonomy rule matched item type 'Wrapped'. Classpath left empty rather than guessed, because attribute validation is keyed on it.",1,0.224
776,21839NN,blocked,0.776,F-c6e704a7,CG-MOB-01,warning,"MOBILE_DESC is 42 characters, minimum 60.",1,0.224
776,21839NN,blocked,0.776,F-c6e704a7,CG-TAX-01,error,Unclassified: attribute validation cannot be keyed.,1,0.224
776,21839NN,blocked,0.776,F-c6e704a7,classification_abstained,review,"No taxonomy rule matched item type 'Mill'. Classpath left empty rather than guessed, because attribute validation is keyed on it.",1,0.224
270,543144908,blocked,0.8885,F-8c1786cf,CG-TAX-01,error,Unclassified: attribute validation cannot be keyed.,2,0.223
270,543144908,blocked,0.8885,F-8c1786cf,classification_abstained,review,"No taxonomy rule matched item type 'Lineage'. Classpath left empty rather than guessed, because attribute validation is keyed on it.",2,0.223
272,543144912,blocked,0.8885,F-8c1786cf,CG-TAX-01,error,Unclassified: attribute validation cannot be keyed.,2,0.223
272,543144912,blocked,0.8885,F-8c1786cf,classification_abstained,review,"No taxonomy rule matched item type 'Lineage'. Classpath left empty rather than guessed, because attribute validation is keyed on it.",2,0.223
651,PMOS1980AF,blocked,0.8886,F-d98df265,CG-MOB-01,warning,"MOBILE_DESC is 38 characters, minimum 60.",2,0.223
651,PMOS1980AF,blocked,0.8886,F-d98df265,CG-BRD-01,error,No approved brand resolved.,2,0.223
651,PMOS1980AF,blocked,0.8886,F-d98df265,brand_unresolved,review,Supplier is a distributor or buying co-op and no brand could be recovered from the description or part number.,2,0.223
653,KMMF530PBE,blocked,0.8886,F-d98df265,CG-MOB-01,warning,"MOBILE_DESC is 28 characters, minimum 60.",2,0.223
653,KMMF530PBE,blocked,0.8886,F-d98df265,CG-BRD-01,error,No approved brand resolved.,2,0.223
653,KMMF530PBE,blocked,0.8886,F-d98df265,brand_unresolved,review,Supplier is a distributor or buying co-op and no brand could be recovered from the description or part number.,2,0.223
642,PB900YVFS,blocked,0.8898,F-c0184900,CG-MOB-01,warning,"MOBILE_DESC is 40 characters, minimum 60.",2,0.22
642,PB900YVFS,blocked,0.8898,F-c0184900,CG-BRD-01,error,No approved brand resolved.,2,0.22
642,PB900YVFS,blocked,0.8898,F-c0184900,brand_unresolved,review,Supplier is a distributor or buying co-op and no brand could be recovered from the description or part number.,2,0.22
644,SLER30524SS,blocked,0.8898,F-c0184900,CG-MOB-01,warning,"MOBILE_DESC is 42 characters, minimum 60.",2,0.22
644,SLER30524SS,blocked,0.8898,F-c0184900,CG-BRD-01,error,No approved brand resolved.,2,0.22
644,SLER30524SS,blocked,0.8898,F-c0184900,brand_unresolved,review,Supplier is a distributor or buying co-op and no brand could be recovered from the description or part number.,2,0.22
278,73018091,blocked,0.8905,F-9d6cdf88,CG-MOB-01,warning,"MOBILE_DESC is 43 characters, minimum 60.",2,0.219
278,73018091,blocked,0.8905,F-9d6cdf88,CG-BRD-01,error,No approved brand resolved.,2,0.219
282,73018731,blocked,0.8905,F-6d2cf554,CG-MOB-01,warning,"MOBILE_DESC is 45 characters, minimum 60.",2,0.219
282,73018731,blocked,0.8905,F-6d2cf554,CG-BRD-01,error,No approved brand resolved.,2,0.219
283,61109090,blocked,0.8905,F-6d2cf554,CG-MOB-01,warning,"MOBILE_DESC is 45 characters, minimum 60.",2,0.219
283,61109090,blocked,0.8905,F-6d2cf554,CG-BRD-01,error,No approved brand resolved.,2,0.219
323,PP-8CH,blocked,0.9272,F-ef19266c,CG-MOB-01,warning,"MOBILE_DESC is 28 characters, minimum 60.",3,0.218
323,PP-8CH,blocked,0.9272,F-ef19266c,CG-TAX-01,error,Unclassified: attribute validation cannot be keyed.,3,0.218
323,PP-8CH,blocked,0.9272,F-ef19266c,CG-BRD-01,error,No approved brand resolved.,3,0.218
323,PP-8CH,blocked,0.9272,F-ef19266c,brand_unresolved,review,Supplier is a distributor or buying co-op and no brand could be recovered from the description or part number.,3,0.218
323,PP-8CH,blocked,0.9272,F-ef19266c,classification_abstained,review,"No taxonomy rule matched item type 'Premier Rib Xl'. Classpath left empty rather than guessed, because attribute validation is keyed on it.",3,0.218
324,PP-10CH,blocked,0.9272,F-ef19266c,CG-MOB-01,warning,"MOBILE_DESC is 30 characters, minimum 60.",3,0.218
324,PP-10CH,blocked,0.9272,F-ef19266c,CG-TAX-01,error,Unclassified: attribute validation cannot be keyed.,3,0.218
324,PP-10CH,blocked,0.9272,F-ef19266c,CG-BRD-01,error,No approved brand resolved.,3,0.218
324,PP-10CH,blocked,0.9272,F-ef19266c,brand_unresolved,review,Supplier is a distributor or buying co-op and no brand could be recovered from the description or part number.,3,0.218
324,PP-10CH,blocked,0.9272,F-ef19266c,classification_abstained,review,"No taxonomy rule matched item type 'Premier Rib Xl'. Classpath left empty rather than guessed, because attribute validation is keyed on it.",3,0.218
325,PP-12CH,blocked,0.9272,F-ef19266c,CG-MOB-01,warning,"MOBILE_DESC is 30 characters, minimum 60.",3,0.218
325,PP-12CH,blocked,0.9272,F-ef19266c,CG-TAX-01,error,Unclassified: attribute validation cannot be keyed.,3,0.218
325,PP-12CH,blocked,0.9272,F-ef19266c,CG-BRD-01,error,No approved brand resolved.,3,0.218
325,PP-12CH,blocked,0.9272,F-ef19266c,brand_unresolved,review,Supplier is a distributor or buying co-op and no brand could be recovered from the description or part number.,3,0.218
325,PP-12CH,blocked,0.9272,F-ef19266c,classification_abstained,review,"No taxonomy rule matched item type 'Premier Rib Xl'. Classpath left empty rather than guessed, because attribute validation is keyed on it.",3,0.218
280,73018076,blocked,0.7825,F-83bab852,CG-MOB-01,warning,"MOBILE_DESC is 43 characters, minimum 60.",1,0.217
280,73018076,blocked,0.7825,F-83bab852,CG-BRD-01,error,No approved brand resolved.,1,0.217
281,61109087,blocked,0.7825,F-0fc2ccaf,CG-MOB-01,warning,"MOBILE_DESC is 45 characters, minimum 60.",1,0.217
281,61109087,blocked,0.7825,F-0fc2ccaf,CG-BRD-01,error,No approved brand resolved.,1,0.217
961,BL1850BDC1,blocked,0.8926,F-0b540735,CG-MOB-01,warning,"MOBILE_DESC is 52 characters, minimum 60.",2,0.215
961,BL1850BDC1,blocked,0.8926,F-0b540735,CG-TAX-01,error,Unclassified: attribute validation cannot be keyed.,2,0.215
961,BL1850BDC1,blocked,0.8926,F-0b540735,classification_abstained,review,"No taxonomy rule matched item type 'Starter Kit'. Classpath left empty rather than guessed, because attribute validation is keyed on it.",2,0.215
969,BL1850BDC2X1,blocked,0.8926,F-0b540735,CG-MOB-01,warning,"MOBILE_DESC is 54 characters, minimum 60.",2,0.215
969,BL1850BDC2X1,blocked,0.8926,F-0b540735,CG-TAX-01,error,Unclassified: attribute validation cannot be keyed.,2,0.215
969,BL1850BDC2X1,blocked,0.8926,F-0b540735,classification_abstained,review,"No taxonomy rule matched item type 'Starter Kit'. Classpath left empty rather than guessed, because attribute validation is keyed on it.",2,0.215
277,73018131,blocked,0.8934,F-9d6cdf88,CG-MOB-01,warning,"MOBILE_DESC is 46 characters, minimum 60.",2,0.213
277,73018131,blocked,0.8934,F-9d6cdf88,CG-BRD-01,error,No approved brand resolved.,2,0.213
934,JT9-714400K,needs_review,0.7868,F-5447cb1b,CG-MOB-01,warning,"MOBILE_DESC is 58 characters, minimum 60.",1,0.213
934,JT9-714400K,needs_review,0.7868,F-5447cb1b,item_type_unresolved,review,No item type could be resolved from 'JWBS 14SFX Bandsaw JTP 714400K'.,1,0.213
312,413S-DBA-36,blocked,0.8943,F-8a233f89,CG-TAX-01,error,Unclassified: attribute validation cannot be keyed.,2,0.211
312,413S-DBA-36,blocked,0.8943,F-8a233f89,item_type_unresolved,review,No item type could be resolved from '413S Alum Threshold DBZ'.,2,0.211
312,413S-DBA-36,blocked,0.8943,F-8a233f89,classification_abstained,review,"No taxonomy rule matched item type '413S 36"" Alum Threshold DBZ'. Classpath left empty rather than guessed, because attribute validation is keyed on it.",2,0.211
313,413S-DBA-72,blocked,0.8943,F-8a233f89,CG-TAX-01,error,Unclassified: attribute validation cannot be keyed.,2,0.211
313,413S-DBA-72,blocked,0.8943,F-8a233f89,item_type_unresolved,review,No item type could be resolved from '413S Alum Threshold DBZ'.,2,0.211
313,413S-DBA-72,blocked,0.8943,F-8a233f89,classification_abstained,review,"No taxonomy rule matched item type '413S 72"" Alum Threshold DBZ'. Classpath left empty rather than guessed, because attribute validation is keyed on it.",2,0.211
332,8904015,blocked,0.79,F-d216408b,CG-MOB-01,warning,"MOBILE_DESC is 42 characters, minimum 60.",1,0.21
332,8904015,blocked,0.79,F-d216408b,CG-TAX-01,error,Unclassified: attribute validation cannot be keyed.,1,0.21
332,8904015,blocked,0.79,F-d216408b,classification_abstained,review,"No taxonomy rule matched item type 'Primed'. Classpath left empty rather than guessed, because attribute validation is keyed on it.",1,0.21
588,97708,blocked,0.79,F-13fe41e6,CG-MOB-01,warning,"MOBILE_DESC is 41 characters, minimum 60.",1,0.21
588,97708,blocked,0.79,F-13fe41e6,CG-TAX-01,error,Unclassified: attribute validation cannot be keyed.,1,0.21
588,97708,blocked,0.79,F-13fe41e6,classification_abstained,review,"No taxonomy rule matched item type 'Headlight'. Classpath left empty rather than guessed, because attribute validation is keyed on it.",1,0.21
760,35112,blocked,0.795,F-9d42ac76,CG-MOB-01,warning,"MOBILE_DESC is 39 characters, minimum 60.",1,0.205
760,35112,blocked,0.795,F-9d42ac76,CG-TAX-01,error,Unclassified: attribute validation cannot be keyed.,1,0.205
760,35112,blocked,0.795,F-9d42ac76,CG-BRD-01,error,No approved brand resolved.,1,0.205
760,35112,blocked,0.795,F-9d42ac76,classification_abstained,review,"No taxonomy rule matched item type 'Yellow'. Classpath left empty rather than guessed, because attribute validation is keyed on it.",1,0.205
761,35115,blocked,0.795,F-31e2c577,CG-MOB-01,warning,"MOBILE_DESC is 38 characters, minimum 60.",1,0.205
761,35115,blocked,0.795,F-31e2c577,CG-TAX-01,error,Unclassified: attribute validation cannot be keyed.,1,0.205
761,35115,blocked,0.795,F-31e2c577,CG-BRD-01,error,No approved brand resolved.,1,0.205
761,35115,blocked,0.795,F-31e2c577,classification_abstained,review,"No taxonomy rule matched item type 'Twist'. Classpath left empty rather than guessed, because attribute validation is keyed on it.",1,0.205
768,37300952,blocked,0.795,F-202f8f0e,CG-MOB-01,warning,"MOBILE_DESC is 36 characters, minimum 60.",1,0.205
768,37300952,blocked,0.795,F-202f8f0e,CG-TAX-01,error,Unclassified: attribute validation cannot be keyed.,1,0.205
768,37300952,blocked,0.795,F-202f8f0e,CG-BRD-01,error,No approved brand resolved.,1,0.205
768,37300952,blocked,0.795,F-202f8f0e,classification_abstained,review,"No taxonomy rule matched item type 'Cutter'. Classpath left empty rather than guessed, because attribute validation is keyed on it.",1,0.205
889,924422,blocked,0.795,F-a075ba81,CG-MOB-01,warning,"MOBILE_DESC is 54 characters, minimum 60.",1,0.205
889,924422,blocked,0.795,F-a075ba81,CG-TAX-01,error,Unclassified: attribute validation cannot be keyed.,1,0.205
889,924422,blocked,0.795,F-a075ba81,CG-BRD-01,error,No approved brand resolved.,1,0.205
889,924422,blocked,0.795,F-a075ba81,classification_abstained,review,"No taxonomy rule matched item type 'Ec'. Classpath left empty rather than guessed, because attribute validation is keyed on it.",1,0.205
299,27233,blocked,0.8,F-c7f70831,CG-MOB-01,warning,"MOBILE_DESC is 52 characters, minimum 60.",1,0.2
299,27233,blocked,0.8,F-c7f70831,CG-TAX-01,error,Unclassified: attribute validation cannot be keyed.,1,0.2
299,27233,blocked,0.8,F-c7f70831,classification_abstained,review,"No taxonomy rule matched item type 'Door'. Classpath left empty rather than guessed, because attribute validation is keyed on it.",1,0.2
700,48-22-3301,blocked,0.8005,F-4e676f50,CG-TAX-01,error,Unclassified: attribute validation cannot be keyed.,1,0.2
700,48-22-3301,blocked,0.8005,F-4e676f50,classification_abstained,review,"No taxonomy rule matched item type 'Lead'. Classpath left empty rather than guessed, because attribute validation is keyed on it.",1,0.2
701,48-22-3302,blocked,0.8005,F-1ee31467,CG-TAX-01,error,Unclassified: attribute validation cannot be keyed.,1,0.2
701,48-22-3302,blocked,0.8005,F-1ee31467,classification_abstained,review,"No taxonomy rule matched item type 'Lead'. Classpath left empty rather than guessed, because attribute validation is keyed on it.",1,0.2
702,48-22-3303,blocked,0.8005,F-20b470f8,CG-TAX-01,error,Unclassified: attribute validation cannot be keyed.,1,0.2
702,48-22-3303,blocked,0.8005,F-20b470f8,classification_abstained,review,"No taxonomy rule matched item type 'Color'. Classpath left empty rather than guessed, because attribute validation is keyed on it.",1,0.2
741,48-11-2330,blocked,0.8005,F-9b95fd63,CG-TAX-01,error,Unclassified: attribute validation cannot be keyed.,1,0.2
741,48-11-2330,blocked,0.8005,F-9b95fd63,classification_abstained,review,"No taxonomy rule matched item type 'Source'. Classpath left empty rather than guessed, because attribute validation is keyed on it.",1,0.2
743,5328,blocked,0.8005,F-8039b262,CG-MOB-01,warning,"MOBILE_DESC is 56 characters, minimum 60.",1,0.2
743,5328,blocked,0.8005,F-8039b262,CG-TAX-01,error,Unclassified: attribute validation cannot be keyed.,1,0.2
743,5328,blocked,0.8005,F-8039b262,classification_abstained,review,"No taxonomy rule matched item type 'On'. Classpath left empty rather than guessed, because attribute validation is keyed on it.",1,0.2
827,DZN930,blocked,0.8005,F-dcdfd3dd,CG-TAX-01,error,Unclassified: attribute validation cannot be keyed.,1,0.2
827,DZN930,blocked,0.8005,F-dcdfd3dd,classification_abstained,review,"No taxonomy rule matched item type 'Magazine'. Classpath left empty rather than guessed, because attribute validation is keyed on it.",1,0.2
905,578192,blocked,0.8005,F-d9acfb9d,CG-MOB-01,warning,"MOBILE_DESC is 57 characters, minimum 60.",1,0.2
905,578192,blocked,0.8005,F-d9acfb9d,CG-TAX-01,error,Unclassified: attribute validation cannot be keyed.,1,0.2
905,578192,blocked,0.8005,F-d9acfb9d,classification_abstained,review,"No taxonomy rule matched item type 'Abrasive'. Classpath left empty rather than guessed, because attribute validation is keyed on it.",1,0.2
94,05134545001,blocked,0.8084,F-fa7a7f81,CG-TAX-01,error,Unclassified: attribute validation cannot be keyed.,1,0.192
94,05134545001,blocked,0.8084,F-fa7a7f81,classification_abstained,review,"No taxonomy rule matched item type 'Opener'. Classpath left empty rather than guessed, because attribute validation is keyed on it.",1,0.192
687,HS-DA,blocked,0.8084,F-7cd134f1,CG-TAX-01,error,Unclassified: attribute validation cannot be keyed.,1,0.192
687,HS-DA,blocked,0.8084,F-7cd134f1,classification_abstained,review,"No taxonomy rule matched item type 'Alert'. Classpath left empty rather than guessed, because attribute validation is keyed on it.",1,0.192
778,133164,blocked,0.8084,F-84f885a5,CG-TAX-01,error,Unclassified: attribute validation cannot be keyed.,1,0.192
778,133164,blocked,0.8084,F-84f885a5,classification_abstained,review,"No taxonomy rule matched item type 'Multicolor'. Classpath left empty rather than guessed, because attribute validation is keyed on it.",1,0.192
783,AVM6EV,blocked,0.8084,F-d65f4804,CG-MOB-01,warning,"MOBILE_DESC is 53 characters, minimum 60.",1,0.192
783,AVM6EV,blocked,0.8084,F-d65f4804,CG-TAX-01,error,Unclassified: attribute validation cannot be keyed.,1,0.192
783,AVM6EV,blocked,0.8084,F-d65f4804,classification_abstained,review,"No taxonomy rule matched item type 'Red'. Classpath left empty rather than guessed, because attribute validation is keyed on it.",1,0.192
784,AVM6EV,blocked,0.8084,F-60fcdf25,CG-MOB-01,warning,"MOBILE_DESC is 55 characters, minimum 60.",1,0.192
784,AVM6EV,blocked,0.8084,F-60fcdf25,CG-TAX-01,error,Unclassified: attribute validation cannot be keyed.,1,0.192
784,AVM6EV,blocked,0.8084,F-60fcdf25,classification_abstained,review,"No taxonomy rule matched item type 'Snip'. Classpath left empty rather than guessed, because attribute validation is keyed on it.",1,0.192
993,SSCMS,blocked,0.8084,F-cda7df02,CG-TAX-01,error,Unclassified: attribute validation cannot be keyed.,1,0.192
993,SSCMS,blocked,0.8084,F-cda7df02,classification_abstained,review,"No taxonomy rule matched item type 'Sled'. Classpath left empty rather than guessed, because attribute validation is keyed on it.",1,0.192
58,DFBLBLOMFN01G,blocked,0.8204,F-26dd6720,CG-TAX-01,error,Unclassified: attribute validation cannot be keyed.,1,0.18
58,DFBLBLOMFN01G,blocked,0.8204,F-26dd6720,classification_abstained,review,"No taxonomy rule matched item type 'Sponge'. Classpath left empty rather than guessed, because attribute validation is keyed on it.",1,0.18
110,73045028,blocked,0.8204,F-680b8a1c,CG-TAX-01,error,Unclassified: attribute validation cannot be keyed.,1,0.18
110,73045028,blocked,0.8204,F-680b8a1c,classification_abstained,review,"No taxonomy rule matched item type 'Bal'. Classpath left empty rather than guessed, because attribute validation is keyed on it.",1,0.18
319,1501767,blocked,0.8204,F-a00d7faf,CG-TAX-01,error,Unclassified: attribute validation cannot be keyed.,1,0.18
319,1501767,blocked,0.8204,F-a00d7faf,classification_abstained,review,"No taxonomy rule matched item type 'Floor'. Classpath left empty rather than guessed, because attribute validation is keyed on it.",1,0.18
691,DCGG581B,blocked,0.8204,F-733f31a3,CG-TAX-01,error,Unclassified: attribute validation cannot be keyed.,1,0.18
691,DCGG581B,blocked,0.8204,F-733f31a3,classification_abstained,review,"No taxonomy rule matched item type 'Speed'. Classpath left empty rather than guessed, because attribute validation is keyed on it.",1,0.18
692,DCGG581GD1,blocked,0.8204,F-483a8c35,CG-TAX-01,error,Unclassified: attribute validation cannot be keyed.,1,0.18
692,DCGG581GD1,blocked,0.8204,F-483a8c35,classification_abstained,review,"No taxonomy rule matched item type 'Speed'. Classpath left empty rather than guessed, because attribute validation is keyed on it.",1,0.18
802,2954-20,blocked,0.8204,F-c373f2de,CG-TAX-01,error,Unclassified: attribute validation cannot be keyed.,1,0.18
802,2954-20,blocked,0.8204,F-c373f2de,classification_abstained,review,"No taxonomy rule matched item type 'Speaker'. Classpath left empty rather than guessed, because attribute validation is keyed on it.",1,0.18
803,2955-20,blocked,0.8204,F-7e2c9d9c,CG-TAX-01,error,Unclassified: attribute validation cannot be keyed.,1,0.18
803,2955-20,blocked,0.8204,F-7e2c9d9c,classification_abstained,review,"No taxonomy rule matched item type 'Packout'. Classpath left empty rather than guessed, because attribute validation is keyed on it.",1,0.18
923,49-22-4702,blocked,0.8204,F-865932be,CG-TAX-01,error,Unclassified: attribute validation cannot be keyed.,1,0.18
923,49-22-4702,blocked,0.8204,F-865932be,classification_abstained,review,"No taxonomy rule matched item type 'Dozer'. Classpath left empty rather than guessed, because attribute validation is keyed on it.",1,0.18
912,230.312.08,blocked,0.8206,F-55e49ba5,CG-MOB-01,warning,"MOBILE_DESC is 42 characters, minimum 60.",1,0.179
912,230.312.08,blocked,0.8206,F-55e49ba5,CG-TAX-01,error,Unclassified: attribute validation cannot be keyed.,1,0.179
912,230.312.08,blocked,0.8206,F-55e49ba5,classification_abstained,review,"No taxonomy rule matched item type 'Dado'. Classpath left empty rather than guessed, because attribute validation is keyed on it.",1,0.179
984,4000-2/32,blocked,0.8218,F-a617bb7c,CG-MOB-01,warning,"MOBILE_DESC is 23 characters, minimum 60.",1,0.178
984,4000-2/32,blocked,0.8218,F-a617bb7c,CG-TAX-01,error,Unclassified: attribute validation cannot be keyed.,1,0.178
984,4000-2/32,blocked,0.8218,F-a617bb7c,classification_abstained,review,"No taxonomy rule matched item type 'Tool'. Classpath left empty rather than guessed, because attribute validation is keyed on it.",1,0.178
625,C7CDABS2RS3,blocked,0.8225,F-d20b3b8a,CG-MOB-01,warning,"MOBILE_DESC is 31 characters, minimum 60.",1,0.177
625,C7CDABS2RS3,blocked,0.8225,F-d20b3b8a,CG-BRD-01,error,No approved brand resolved.,1,0.177
625,C7CDABS2RS3,blocked,0.8225,F-d20b3b8a,brand_unresolved,review,Supplier is a distributor or buying co-op and no brand could be recovered from the description or part number.,1,0.177
310,640383,blocked,0.827,F-d72ae225,CG-TAX-01,error,Unclassified: attribute validation cannot be keyed.,1,0.173
310,640383,blocked,0.827,F-d72ae225,classification_abstained,review,"No taxonomy rule matched item type 'Lite'. Classpath left empty rather than guessed, because attribute validation is keyed on it.",1,0.173
314,1511506,blocked,0.827,F-3ba59f42,CG-TAX-01,error,Unclassified: attribute validation cannot be keyed.,1,0.173
314,1511506,blocked,0.827,F-3ba59f42,classification_abstained,review,"No taxonomy rule matched item type 'Rainscreen'. Classpath left empty rather than guessed, because attribute validation is keyed on it.",1,0.173
652,WMMS3330RZ,blocked,0.8273,F-bd4725fe,CG-MOB-01,warning,"MOBILE_DESC is 58 characters, minimum 60.",1,0.173
652,WMMS3330RZ,blocked,0.8273,F-bd4725fe,CG-TAX-01,error,Unclassified: attribute validation cannot be keyed.,1,0.173
652,WMMS3330RZ,blocked,0.8273,F-bd4725fe,classification_abstained,review,"No taxonomy rule matched item type 'Mocrowave'. Classpath left empty rather than guessed, because attribute validation is keyed on it.",1,0.173
485,603449,blocked,0.8275,F-19bd450c,CG-MOB-01,warning,"MOBILE_DESC is 51 characters, minimum 60.",1,0.172
485,603449,blocked,0.8275,F-19bd450c,CG-TAX-01,error,Unclassified: attribute validation cannot be keyed.,1,0.172
485,603449,blocked,0.8275,F-19bd450c,classification_abstained,review,"No taxonomy rule matched item type 'Ch'. Classpath left empty rather than guessed, because attribute validation is keyed on it.",1,0.172
246,543140908,blocked,0.9166,F-6395321b,CG-TAX-01,error,Unclassified: attribute validation cannot be keyed.,2,0.167
246,543140908,blocked,0.9166,F-6395321b,classification_abstained,review,"No taxonomy rule matched item type 'Lineage'. Classpath left empty rather than guessed, because attribute validation is keyed on it.",2,0.167
247,543142908,blocked,0.9166,F-18ab8f0d,CG-TAX-01,error,Unclassified: attribute validation cannot be keyed.,2,0.167
247,543142908,blocked,0.9166,F-18ab8f0d,classification_abstained,review,"No taxonomy rule matched item type 'Lineage'. Classpath left empty rather than guessed, because attribute validation is keyed on it.",2,0.167
248,543143908,blocked,0.9166,F-1097ec64,CG-TAX-01,error,Unclassified: attribute validation cannot be keyed.,2,0.167
248,543143908,blocked,0.9166,F-1097ec64,classification_abstained,review,"No taxonomy rule matched item type 'Lineage'. Classpath left empty rather than guessed, because attribute validation is keyed on it.",2,0.167
249,543140912,blocked,0.9166,F-6395321b,CG-TAX-01,error,Unclassified: attribute validation cannot be keyed.,2,0.167
249,543140912,blocked,0.9166,F-6395321b,classification_abstained,review,"No taxonomy rule matched item type 'Lineage'. Classpath left empty rather than guessed, because attribute validation is keyed on it.",2,0.167
250,543142912,blocked,0.9166,F-18ab8f0d,CG-TAX-01,error,Unclassified: attribute validation cannot be keyed.,2,0.167
250,543142912,blocked,0.9166,F-18ab8f0d,classification_abstained,review,"No taxonomy rule matched item type 'Lineage'. Classpath left empty rather than guessed, because attribute validation is keyed on it.",2,0.167
251,543143912,blocked,0.9166,F-1097ec64,CG-TAX-01,error,Unclassified: attribute validation cannot be keyed.,2,0.167
251,543143912,blocked,0.9166,F-1097ec64,classification_abstained,review,"No taxonomy rule matched item type 'Lineage'. Classpath left empty rather than guessed, because attribute validation is keyed on it.",2,0.167
252,1513715,blocked,0.9166,F-7dce249e,CG-TAX-01,error,Unclassified: attribute validation cannot be keyed.,2,0.167
252,1513715,blocked,0.9166,F-7dce249e,classification_abstained,review,"No taxonomy rule matched item type 'Lineage'. Classpath left empty rather than guessed, because attribute validation is keyed on it.",2,0.167
253,1513716,blocked,0.9166,F-a9ae4988,CG-TAX-01,error,Unclassified: attribute validation cannot be keyed.,2,0.167
253,1513716,blocked,0.9166,F-a9ae4988,classification_abstained,review,"No taxonomy rule matched item type 'Lineage'. Classpath left empty rather than guessed, because attribute validation is keyed on it.",2,0.167
271,543141908,blocked,0.9166,F-a4089352,CG-TAX-01,error,Unclassified: attribute validation cannot be keyed.,2,0.167
271,543141908,blocked,0.9166,F-a4089352,classification_abstained,review,"No taxonomy rule matched item type 'Lineage'. Classpath left empty rather than guessed, because attribute validation is keyed on it.",2,0.167
273,543141912,blocked,0.9166,F-a4089352,CG-TAX-01,error,Unclassified: attribute validation cannot be keyed.,2,0.167
273,543141912,blocked,0.9166,F-a4089352,classification_abstained,review,"No taxonomy rule matched item type 'Lineage'. Classpath left empty rather than guessed, because attribute validation is keyed on it.",2,0.167
274,1513713,blocked,0.9166,F-7dce249e,CG-TAX-01,error,Unclassified: attribute validation cannot be keyed.,2,0.167
274,1513713,blocked,0.9166,F-7dce249e,classification_abstained,review,"No taxonomy rule matched item type 'Lineage'. Classpath left empty rather than guessed, because attribute validation is keyed on it.",2,0.167
275,1513714,blocked,0.9166,F-a9ae4988,CG-TAX-01,error,Unclassified: attribute validation cannot be keyed.,2,0.167
275,1513714,blocked,0.9166,F-a9ae4988,classification_abstained,review,"No taxonomy rule matched item type 'Lineage'. Classpath left empty rather than guessed, because attribute validation is keyed on it.",2,0.167
603,PBUC013,blocked,0.8325,F-4e5bf320,CG-MOB-01,warning,"MOBILE_DESC is 30 characters, minimum 60.",1,0.167
603,PBUC013,blocked,0.8325,F-4e5bf320,CG-TAX-01,error,Unclassified: attribute validation cannot be keyed.,1,0.167
603,PBUC013,blocked,0.8325,F-4e5bf320,item_type_unresolved,review,No item type could be resolved from 'Wall Tap w USB'.,1,0.167
603,PBUC013,blocked,0.8325,F-4e5bf320,classification_abstained,review,"No taxonomy rule matched item type 'PBUC013 15A Wall Tap w/USB'. Classpath left empty rather than guessed, because attribute validation is keyed on it.",1,0.167
657,C90AAAS2RS3,blocked,0.8333,F-6ad34c12,CG-MOB-01,warning,"MOBILE_DESC is 46 characters, minimum 60.",1,0.167
657,C90AAAS2RS3,blocked,0.8333,F-6ad34c12,CG-BRD-01,error,No approved brand resolved.,1,0.167
657,C90AAAS2RS3,blocked,0.8333,F-6ad34c12,brand_unresolved,review,Supplier is a distributor or buying co-op and no brand could be recovered from the description or part number.,1,0.167
763,35468,blocked,0.8333,F-714079e7,CG-MOB-01,warning,"MOBILE_DESC is 48 characters, minimum 60.",1,0.167
763,35468,blocked,0.8333,F-714079e7,CG-BRD-01,error,No approved brand resolved.,1,0.167
95,LNL65301,blocked,0.8359,F-1db27af6,CG-MOB-01,warning,"MOBILE_DESC is 47 characters, minimum 60.",1,0.164
95,LNL65301,blocked,0.8359,F-1db27af6,CG-TAX-01,error,Unclassified: attribute validation cannot be keyed.,1,0.164
95,LNL65301,blocked,0.8359,F-1db27af6,CG-BRD-01,error,No approved brand resolved.,1,0.164
95,LNL65301,blocked,0.8359,F-1db27af6,classification_abstained,review,"No taxonomy rule matched item type 'Gauge'. Classpath left empty rather than guessed, because attribute validation is keyed on it.",1,0.164
333,25796,blocked,0.8369,F-70341b83,CG-TAX-01,error,Unclassified: attribute validation cannot be keyed.,1,0.163
333,25796,blocked,0.8369,F-70341b83,classification_abstained,review,"No taxonomy rule matched item type 'Cedar'. Classpath left empty rather than guessed, because attribute validation is keyed on it.",1,0.163
335,25825,blocked,0.8369,F-fc80a5fa,CG-TAX-01,error,Unclassified: attribute validation cannot be keyed.,1,0.163
335,25825,blocked,0.8369,F-fc80a5fa,classification_abstained,review,"No taxonomy rule matched item type 'Edges'. Classpath left empty rather than guessed, because attribute validation is keyed on it.",1,0.163
336,25822,blocked,0.8369,F-e4708799,CG-TAX-01,error,Unclassified: attribute validation cannot be keyed.,1,0.163
336,25822,blocked,0.8369,F-e4708799,classification_abstained,review,"No taxonomy rule matched item type 'Soffit'. Classpath left empty rather than guessed, because attribute validation is keyed on it.",1,0.163
337,543650101,blocked,0.8369,F-7a89489f,CG-TAX-01,error,Unclassified: attribute validation cannot be keyed.,1,0.163
337,543650101,blocked,0.8369,F-7a89489f,classification_abstained,review,"No taxonomy rule matched item type 'Mount'. Classpath left empty rather than guessed, because attribute validation is keyed on it.",1,0.163
338,543650010,blocked,0.8369,F-64b6aac7,CG-TAX-01,error,Unclassified: attribute validation cannot be keyed.,1,0.163
338,543650010,blocked,0.8369,F-64b6aac7,classification_abstained,review,"No taxonomy rule matched item type 'Cap'. Classpath left empty rather than guessed, because attribute validation is keyed on it.",1,0.163
765,MLSQ0120,blocked,0.8405,F-048e5fbd,CG-MOB-01,warning,"MOBILE_DESC is 56 characters, minimum 60.",1,0.16
765,MLSQ0120,blocked,0.8405,F-048e5fbd,CG-TAX-01,error,Unclassified: attribute validation cannot be keyed.,1,0.16
765,MLSQ0120,blocked,0.8405,F-048e5fbd,classification_abstained,review,"No taxonomy rule matched item type 'Raftersquare'. Classpath left empty rather than guessed, because attribute validation is keyed on it.",1,0.16
788,42-04-9107,blocked,0.8405,F-5f8629f8,CG-MOB-01,warning,"MOBILE_DESC is 52 characters, minimum 60.",1,0.16
788,42-04-9107,blocked,0.8405,F-5f8629f8,CG-TAX-01,error,Unclassified: attribute validation cannot be keyed.,1,0.16
788,42-04-9107,blocked,0.8405,F-5f8629f8,classification_abstained,review,"No taxonomy rule matched item type 'Joint'. Classpath left empty rather than guessed, because attribute validation is keyed on it.",1,0.16
864,2761-22,blocked,0.8405,F-099b2994,CG-MOB-01,warning,"MOBILE_DESC is 46 characters, minimum 60.",1,0.16
864,2761-22,blocked,0.8405,F-099b2994,CG-TAX-01,error,Unclassified: attribute validation cannot be keyed.,1,0.16
864,2761-22,blocked,0.8405,F-099b2994,classification_abstained,review,"No taxonomy rule matched item type 'Surge'. Classpath left empty rather than guessed, because attribute validation is keyed on it.",1,0.16
890,DCW620B,blocked,0.8405,F-7635f00d,CG-MOB-01,warning,"MOBILE_DESC is 53 characters, minimum 60.",1,0.16
890,DCW620B,blocked,0.8405,F-7635f00d,CG-TAX-01,error,Unclassified: attribute validation cannot be keyed.,1,0.16
890,DCW620B,blocked,0.8405,F-7635f00d,classification_abstained,review,"No taxonomy rule matched item type 'Router'. Classpath left empty rather than guessed, because attribute validation is keyed on it.",1,0.16
976,DWV9401,blocked,0.8405,F-9be4af30,CG-MOB-01,warning,"MOBILE_DESC is 47 characters, minimum 60.",1,0.16
976,DWV9401,blocked,0.8405,F-9be4af30,CG-TAX-01,error,Unclassified: attribute validation cannot be keyed.,1,0.16
976,DWV9401,blocked,0.8405,F-9be4af30,classification_abstained,review,"No taxonomy rule matched item type 'Bag'. Classpath left empty rather than guessed, because attribute validation is keyed on it.",1,0.16
990,MAG:2044-230-1,blocked,0.84,F-380c5a11,CG-MOB-01,warning,"MOBILE_DESC is 40 characters, minimum 60.",1,0.16
990,MAG:2044-230-1,blocked,0.84,F-380c5a11,CG-TAX-01,error,Unclassified: attribute validation cannot be keyed.,1,0.16
990,MAG:2044-230-1,blocked,0.84,F-380c5a11,CG-BRD-01,error,No approved brand resolved.,1,0.16
990,MAG:2044-230-1,blocked,0.84,F-380c5a11,classification_abstained,review,"No taxonomy rule matched item type 'Stock Feeder'. Classpath left empty rather than guessed, because attribute validation is keyed on it.",1,0.16
796,IWHT48441RC,blocked,0.8435,F-38782a93,CG-TAX-01,error,Unclassified: attribute validation cannot be keyed.,1,0.156
796,IWHT48441RC,blocked,0.8435,F-38782a93,classification_abstained,review,"No taxonomy rule matched item type 'Reel'. Classpath left empty rather than guessed, because attribute validation is keyed on it.",1,0.156
985,3100-1/15,blocked,0.8464,F-54bb7056,CG-MOB-01,warning,"MOBILE_DESC is 27 characters, minimum 60.",1,0.154
985,3100-1/15,blocked,0.8464,F-54bb7056,CG-TAX-01,error,Unclassified: attribute validation cannot be keyed.,1,0.154
985,3100-1/15,blocked,0.8464,F-54bb7056,classification_abstained,review,"No taxonomy rule matched item type 'Tool'. Classpath left empty rather than guessed, because attribute validation is keyed on it.",1,0.154
309,1515974,blocked,0.8469,F-c06f2840,CG-TAX-01,error,Unclassified: attribute validation cannot be keyed.,1,0.153
309,1515974,blocked,0.8469,F-c06f2840,classification_abstained,review,"No taxonomy rule matched item type 'W J'. Classpath left empty rather than guessed, because attribute validation is keyed on it.",1,0.153
311,653258,blocked,0.8484,F-0abfc16c,CG-MOB-01,warning,"MOBILE_DESC is 59 characters, minimum 60.",1,0.152
311,653258,blocked,0.8484,F-0abfc16c,CG-TAX-01,error,Unclassified: attribute validation cannot be keyed.,1,0.152
311,653258,blocked,0.8484,F-0abfc16c,classification_abstained,review,"No taxonomy rule matched item type 'Firelite'. Classpath left empty rather than guessed, because attribute validation is keyed on it.",1,0.152
471,S21363,blocked,0.8478,F-5fa7bee5,CG-TAX-01,error,Unclassified: attribute validation cannot be keyed.,1,0.152
471,S21363,blocked,0.8478,F-5fa7bee5,classification_abstained,review,"No taxonomy rule matched item type 'Edison'. Classpath left empty rather than guessed, because attribute validation is keyed on it.",1,0.152
474,586875,blocked,0.9238,F-0a5685f7,CG-TAX-01,error,Unclassified: attribute validation cannot be keyed.,2,0.152
474,586875,blocked,0.9238,F-0a5685f7,classification_abstained,review,"No taxonomy rule matched item type 'LED Multi Cct'. Classpath left empty rather than guessed, because attribute validation is keyed on it.",2,0.152
511,586883,blocked,0.9238,F-0a5685f7,CG-TAX-01,error,Unclassified: attribute validation cannot be keyed.,2,0.152
511,586883,blocked,0.9238,F-0a5685f7,classification_abstained,review,"No taxonomy rule matched item type 'LED Multi Cct'. Classpath left empty rather than guessed, because attribute validation is keyed on it.",2,0.152
590,HOM2040M200PRB,blocked,0.8484,F-01049e30,CG-MOB-01,warning,"MOBILE_DESC is 57 characters, minimum 60.",1,0.152
590,HOM2040M200PRB,blocked,0.8484,F-01049e30,CG-TAX-01,error,Unclassified: attribute validation cannot be keyed.,1,0.152
590,HOM2040M200PRB,blocked,0.8484,F-01049e30,classification_abstained,review,"No taxonomy rule matched item type 'Cntr'. Classpath left empty rather than guessed, because attribute validation is keyed on it.",1,0.152
632,C7CESAS4RW3,blocked,0.8475,F-7b690598,CG-MOB-01,warning,"MOBILE_DESC is 28 characters, minimum 60.",1,0.152
632,C7CESAS4RW3,blocked,0.8475,F-7b690598,CG-BRD-01,error,No approved brand resolved.,1,0.152
632,C7CESAS4RW3,blocked,0.8475,F-7b690598,brand_unresolved,review,Supplier is a distributor or buying co-op and no brand could be recovered from the description or part number.,1,0.152
658,C9TMA2SP2PS3,blocked,0.8475,F-cc77f215,CG-MOB-01,warning,"MOBILE_DESC is 38 characters, minimum 60.",1,0.152
658,C9TMA2SP2PS3,blocked,0.8475,F-cc77f215,CG-BRD-01,error,No approved brand resolved.,1,0.152
658,C9TMA2SP2PS3,blocked,0.8475,F-cc77f215,brand_unresolved,review,Supplier is a distributor or buying co-op and no brand could be recovered from the description or part number.,1,0.152
896,24-35M-320,blocked,0.8484,F-43d1fc29,CG-MOB-01,warning,"MOBILE_DESC is 52 characters, minimum 60.",1,0.152
896,24-35M-320,blocked,0.8484,F-43d1fc29,CG-TAX-01,error,Unclassified: attribute validation cannot be keyed.,1,0.152
896,24-35M-320,blocked,0.8484,F-43d1fc29,classification_abstained,review,"No taxonomy rule matched item type 'Grip'. Classpath left empty rather than guessed, because attribute validation is keyed on it.",1,0.152
97,38-E,blocked,0.85,F-a3d88629,CG-MOB-01,warning,"MOBILE_DESC is 28 characters, minimum 60.",1,0.15
97,38-E,blocked,0.85,F-a3d88629,CG-BRD-01,error,No approved brand resolved.,1,0.15
98,59-J,blocked,0.85,F-d4c61955,CG-MOB-01,warning,"MOBILE_DESC is 24 characters, minimum 60.",1,0.15
98,59-J,blocked,0.85,F-d4c61955,CG-BRD-01,error,No approved brand resolved.,1,0.15
99,44-A,blocked,0.85,F-0fd30e8f,CG-MOB-01,warning,"MOBILE_DESC is 29 characters, minimum 60.",1,0.15
99,44-A,blocked,0.85,F-0fd30e8f,CG-BRD-01,error,No approved brand resolved.,1,0.15
326,PP-8WH,blocked,0.9254,F-0caa6bde,CG-MOB-01,warning,"MOBILE_DESC is 35 characters, minimum 60.",2,0.149
326,PP-8WH,blocked,0.9254,F-0caa6bde,CG-TAX-01,error,Unclassified: attribute validation cannot be keyed.,2,0.149
326,PP-8WH,blocked,0.9254,F-0caa6bde,CG-BRD-01,error,No approved brand resolved.,2,0.149
326,PP-8WH,blocked,0.9254,F-0caa6bde,brand_unresolved,review,Supplier is a distributor or buying co-op and no brand could be recovered from the description or part number.,2,0.149
326,PP-8WH,blocked,0.9254,F-0caa6bde,classification_abstained,review,"No taxonomy rule matched item type 'Premier Rib Xl'. Classpath left empty rather than guessed, because attribute validation is keyed on it.",2,0.149
327,PP-10WH,blocked,0.9254,F-0caa6bde,CG-MOB-01,warning,"MOBILE_DESC is 37 characters, minimum 60.",2,0.149
327,PP-10WH,blocked,0.9254,F-0caa6bde,CG-TAX-01,error,Unclassified: attribute validation cannot be keyed.,2,0.149
327,PP-10WH,blocked,0.9254,F-0caa6bde,CG-BRD-01,error,No approved brand resolved.,2,0.149
327,PP-10WH,blocked,0.9254,F-0caa6bde,brand_unresolved,review,Supplier is a distributor or buying co-op and no brand could be recovered from the description or part number.,2,0.149
327,PP-10WH,blocked,0.9254,F-0caa6bde,classification_abstained,review,"No taxonomy rule matched item type 'Premier Rib Xl'. Classpath left empty rather than guessed, because attribute validation is keyed on it.",2,0.149
829,XRF03Z,blocked,0.8537,F-89a534a2,CG-MOB-01,warning,"MOBILE_DESC is 56 characters, minimum 60.",1,0.146
829,XRF03Z,blocked,0.8537,F-89a534a2,CG-TAX-01,error,Unclassified: attribute validation cannot be keyed.,1,0.146
829,XRF03Z,blocked,0.8537,F-89a534a2,classification_abstained,review,"No taxonomy rule matched item type 'Autofeed'. Classpath left empty rather than guessed, because attribute validation is keyed on it.",1,0.146
861,XTS02Z,blocked,0.8536,F-a8f5ed57,CG-TAX-01,error,Unclassified: attribute validation cannot be keyed.,1,0.146
861,XTS02Z,blocked,0.8536,F-a8f5ed57,classification_abstained,review,"No taxonomy rule matched item type 'Stapler'. Classpath left empty rather than guessed, because attribute validation is keyed on it.",1,0.146
328,1504345,blocked,0.855,F-11b20bad,CG-MOB-01,warning,"MOBILE_DESC is 38 characters, minimum 60.",1,0.145
328,1504345,blocked,0.855,F-11b20bad,CG-TAX-01,error,Unclassified: attribute validation cannot be keyed.,1,0.145
328,1504345,blocked,0.855,F-11b20bad,CG-BRD-01,error,No approved brand resolved.,1,0.145
328,1504345,blocked,0.855,F-11b20bad,brand_unresolved,review,Supplier is a distributor or buying co-op and no brand could be recovered from the description or part number.,1,0.145
328,1504345,blocked,0.855,F-11b20bad,item_type_unresolved,review,No item type could be resolved from 'OC Duration TruDef Wburg Gray (BDL)'.,1,0.145
328,1504345,blocked,0.855,F-11b20bad,classification_abstained,review,"No taxonomy rule matched item type 'OC Duration TruDef Wburg Gray (BDL)'. Classpath left empty rather than guessed, because attribute validation is keyed on it.",1,0.145
612,R20-05378-P00,blocked,0.8552,F-a2c8020e,CG-TAX-01,error,Unclassified: attribute validation cannot be keyed.,1,0.145
612,R20-05378-P00,blocked,0.8552,F-a2c8020e,classification_abstained,review,"No taxonomy rule matched item type 'Outet'. Classpath left empty rather than guessed, because attribute validation is keyed on it.",1,0.145
773,DCF6202,blocked,0.8552,F-6fa57b77,CG-MOB-01,warning,"MOBILE_DESC is 47 characters, minimum 60.",1,0.145
773,DCF6202,blocked,0.8552,F-6fa57b77,CG-TAX-01,error,Unclassified: attribute validation cannot be keyed.,1,0.145
773,DCF6202,blocked,0.8552,F-6fa57b77,classification_abstained,review,"No taxonomy rule matched item type 'Attach'. Classpath left empty rather than guessed, because attribute validation is keyed on it.",1,0.145
472,S11445,blocked,0.8558,F-a70c58a1,CG-TAX-01,error,Unclassified: attribute validation cannot be keyed.,1,0.144
472,S11445,blocked,0.8558,F-a70c58a1,classification_abstained,review,"No taxonomy rule matched item type 'Motion'. Classpath left empty rather than guessed, because attribute validation is keyed on it.",1,0.144
693,DWST41092,blocked,0.858,F-a06464d9,CG-TAX-01,error,Unclassified: attribute validation cannot be keyed.,1,0.142
693,DWST41092,blocked,0.858,F-a06464d9,classification_abstained,review,"No taxonomy rule matched item type 'Tool'. Classpath left empty rather than guessed, because attribute validation is keyed on it.",1,0.142
1000,T27417,needs_review,0.861,F-bba9a9aa,brand_manufacturer_mismatch,review,"Supplied manufacturer 'Woodstock Intl (3658)' does not correspond to the approved manufacturer 'Grizzly Industrial, Inc.' for brand Grizzly®.",1,0.139
688,73002252,blocked,0.8623,F-67b3a2f8,CG-MOB-01,warning,"MOBILE_DESC is 40 characters, minimum 60.",1,0.138
688,73002252,blocked,0.8623,F-67b3a2f8,CG-TAX-01,error,Unclassified: attribute validation cannot be keyed.,1,0.138
688,73002252,blocked,0.8623,F-67b3a2f8,CG-BRD-01,error,No approved brand resolved.,1,0.138
688,73002252,blocked,0.8623,F-67b3a2f8,classification_abstained,review,"No taxonomy rule matched item type 'Rdi'. Classpath left empty rather than guessed, because attribute validation is keyed on it.",1,0.138
298,925219,blocked,0.8627,F-656fc04a,CG-MOB-01,warning,"MOBILE_DESC is 52 characters, minimum 60.",1,0.137
298,925219,blocked,0.8627,F-656fc04a,CG-BRD-01,error,No approved brand resolved.,1,0.137
298,925219,blocked,0.8627,F-656fc04a,brand_unresolved,review,Supplier is a distributor or buying co-op and no brand could be recovered from the description or part number.,1,0.137
297,SPB-44BPL,blocked,0.8671,F-b2dc722a,CG-BRD-01,error,No approved brand resolved.,1,0.133
432,801274,blocked,0.8668,F-a393df43,CG-TAX-01,error,Unclassified: attribute validation cannot be keyed.,1,0.133
432,801274,blocked,0.8668,F-a393df43,classification_abstained,review,"No taxonomy rule matched item type 'Retro'. Classpath left empty rather than guessed, because attribute validation is keyed on it.",1,0.133
512,586859,blocked,0.8668,F-276c9660,CG-TAX-01,error,Unclassified: attribute validation cannot be keyed.,1,0.133
512,586859,blocked,0.8668,F-276c9660,classification_abstained,review,"No taxonomy rule matched item type 'Up'. Classpath left empty rather than guessed, because attribute validation is keyed on it.",1,0.133
541,577007,blocked,0.8668,F-c125ad5a,CG-TAX-01,error,Unclassified: attribute validation cannot be keyed.,1,0.133
541,577007,blocked,0.8668,F-c125ad5a,classification_abstained,review,"No taxonomy rule matched item type 'Flood'. Classpath left empty rather than guessed, because attribute validation is keyed on it.",1,0.133
554,544874,blocked,0.8668,F-4be7dc7b,CG-TAX-01,error,Unclassified: attribute validation cannot be keyed.,1,0.133
554,544874,blocked,0.8668,F-4be7dc7b,classification_abstained,review,"No taxonomy rule matched item type 'Ubulb'. Classpath left empty rather than guessed, because attribute validation is keyed on it.",1,0.133
863,2761-20,blocked,0.8668,F-ce2ddbad,CG-TAX-01,error,Unclassified: attribute validation cannot be keyed.,1,0.133
863,2761-20,blocked,0.8668,F-ce2ddbad,classification_abstained,review,"No taxonomy rule matched item type 'Driver'. Classpath left empty rather than guessed, because attribute validation is keyed on it.",1,0.133
357,54151-JR-UPC,blocked,0.8682,F-95e1821b,CG-TAX-01,error,Unclassified: attribute validation cannot be keyed.,1,0.132
357,54151-JR-UPC,blocked,0.8682,F-95e1821b,classification_abstained,review,"No taxonomy rule matched item type 'Brakcet'. Classpath left empty rather than guessed, because attribute validation is keyed on it.",1,0.132
358,54171-R-UPC,blocked,0.8682,F-d46cf254,CG-TAX-01,error,Unclassified: attribute validation cannot be keyed.,1,0.132
358,54171-R-UPC,blocked,0.8682,F-d46cf254,classification_abstained,review,"No taxonomy rule matched item type 'Oct'. Classpath left empty rather than guessed, because attribute validation is keyed on it.",1,0.132
614,R51-GSRA1-THD,blocked,0.8682,F-d4c6e93f,CG-TAX-01,error,Unclassified: attribute validation cannot be keyed.,1,0.132
614,R51-GSRA1-THD,blocked,0.8682,F-d4c6e93f,classification_abstained,review,"No taxonomy rule matched item type 'Plug'. Classpath left empty rather than guessed, because attribute validation is keyed on it.",1,0.132
662,CVE28DP3ND1,blocked,0.8675,F-b8e1ee68,CG-MOB-01,warning,"MOBILE_DESC is 45 characters, minimum 60.",1,0.132
662,CVE28DP3ND1,blocked,0.8675,F-b8e1ee68,CG-BRD-01,error,No approved brand resolved.,1,0.132
662,CVE28DP3ND1,blocked,0.8675,F-b8e1ee68,brand_unresolved,review,Supplier is a distributor or buying co-op and no brand could be recovered from the description or part number.,1,0.132
882,DCM200B,blocked,0.8682,F-173bd7fe,CG-TAX-01,error,Unclassified: attribute validation cannot be keyed.,1,0.132
882,DCM200B,blocked,0.8682,F-173bd7fe,classification_abstained,review,"No taxonomy rule matched item type 'File'. Classpath left empty rather than guessed, because attribute validation is keyed on it.",1,0.132
703,TSDKAP218-G2,blocked,0.8712,F-e39d0aa5,CG-TAX-01,error,Unclassified: attribute validation cannot be keyed.,1,0.129
703,TSDKAP218-G2,blocked,0.8712,F-e39d0aa5,classification_abstained,review,"No taxonomy rule matched item type 'Frame Polarized'. Classpath left empty rather than guessed, because attribute validation is keyed on it.",1,0.129
279,73018066,blocked,0.8734,F-f8e44c99,CG-MOB-01,warning,"MOBILE_DESC is 51 characters, minimum 60.",1,0.127
279,73018066,blocked,0.8734,F-f8e44c99,CG-BRD-01,error,No approved brand resolved.,1,0.127
111,73045031,blocked,0.877,F-f258aa8a,CG-TAX-01,error,Unclassified: attribute validation cannot be keyed.,1,0.123
111,73045031,blocked,0.877,F-f258aa8a,CG-BRD-01,error,No approved brand resolved.,1,0.123
111,73045031,blocked,0.877,F-f258aa8a,classification_abstained,review,"No taxonomy rule matched item type 'W Aluminum Balusters'. Classpath left empty rather than guessed, because attribute validation is keyed on it.",1,0.123
369,65-1222,blocked,0.8766,F-46660199,CG-TAX-01,error,Unclassified: attribute validation cannot be keyed.,1,0.123
369,65-1222,blocked,0.8766,F-46660199,classification_abstained,review,"No taxonomy rule matched item type 'Multi Cct'. Classpath left empty rather than guessed, because attribute validation is keyed on it.",1,0.123
606,R12-AGTR1-0KW,blocked,0.8768,F-ba1ae5f2,CG-TAX-01,error,Unclassified: attribute validation cannot be keyed.,1,0.123
606,R12-AGTR1-0KW,blocked,0.8768,F-ba1ae5f2,classification_abstained,review,"No taxonomy rule matched item type 'Outler'. Classpath left empty rather than guessed, because attribute validation is keyed on it.",1,0.123
455,S3539,blocked,0.8801,F-08d72cfc,CG-MOB-01,warning,"MOBILE_DESC is 58 characters, minimum 60.",1,0.12
455,S3539,blocked,0.8801,F-08d72cfc,CG-TAX-01,error,Unclassified: attribute validation cannot be keyed.,1,0.12
455,S3539,blocked,0.8801,F-08d72cfc,classification_abstained,review,"No taxonomy rule matched item type 'Pin'. Classpath left empty rather than guessed, because attribute validation is keyed on it.",1,0.12
594,12-4 SO,blocked,0.8805,F-4f4d63df,CG-MOB-01,warning,"MOBILE_DESC is 17 characters, minimum 60.",1,0.12
594,12-4 SO,blocked,0.8805,F-4f4d63df,CG-BRD-01,error,No approved brand resolved.,1,0.12
601,CG50K,blocked,0.8805,F-0bbed4d8,CG-MOB-01,warning,"MOBILE_DESC is 19 characters, minimum 60.",1,0.12
601,CG50K,blocked,0.8805,F-0bbed4d8,CG-BRD-01,error,No approved brand resolved.,1,0.12
601,CG50K,blocked,0.8805,F-0bbed4d8,brand_unresolved,review,Supplier is a distributor or buying co-op and no brand could be recovered from the description or part number.,1,0.12
620,XOU2470BCGS,blocked,0.8807,F-7f35bd9e,CG-MOB-01,warning,"MOBILE_DESC is 45 characters, minimum 60.",1,0.119
620,XOU2470BCGS,blocked,0.8807,F-7f35bd9e,CG-BRD-01,error,No approved brand resolved.,1,0.119
620,XOU2470BCGS,blocked,0.8807,F-7f35bd9e,brand_unresolved,review,Supplier is a distributor or buying co-op and no brand could be recovered from the description or part number.,1,0.119
948,G0771Z,needs_review,0.881,F-5b981eb4,CG-MOB-01,warning,"MOBILE_DESC is 59 characters, minimum 60.",1,0.119
948,G0771Z,needs_review,0.881,F-5b981eb4,brand_manufacturer_mismatch,review,"Supplied manufacturer 'Woodstock Intl (3658)' does not correspond to the approved manufacturer 'Grizzly Industrial, Inc.' for brand Grizzly®.",1,0.119
673,K527APBXR,blocked,0.8821,F-14168b93,CG-TAX-01,error,Unclassified: attribute validation cannot be keyed.,1,0.118
673,K527APBXR,blocked,0.8821,F-14168b93,item_type_unresolved,review,No item type could be resolved from 'SM BB'.,1,0.118
673,K527APBXR,blocked,0.8821,F-14168b93,classification_abstained,review,"No taxonomy rule matched item type 'K527APBXR Senco .131x3"" SM BB - 500CT'. Classpath left empty rather than guessed, because attribute validation is keyed on it.",1,0.118
412,HLSMS9129FS1E,blocked,0.8835,F-90ca6bb2,CG-MOB-01,warning,"MOBILE_DESC is 33 characters, minimum 60.",1,0.117
412,HLSMS9129FS1E,blocked,0.8835,F-90ca6bb2,CG-BRD-01,error,No approved brand resolved.,1,0.117
412,HLSMS9129FS1E,blocked,0.8835,F-90ca6bb2,brand_unresolved,review,Supplier is a distributor or buying co-op and no brand could be recovered from the description or part number.,1,0.117
439,HLBSL609FS5,blocked,0.8835,F-90ff284b,CG-MOB-01,warning,"MOBILE_DESC is 29 characters, minimum 60.",1,0.117
439,HLBSL609FS5,blocked,0.8835,F-90ff284b,CG-BRD-01,error,No approved brand resolved.,1,0.117
439,HLBSL609FS5,blocked,0.8835,F-90ff284b,brand_unresolved,review,Supplier is a distributor or buying co-op and no brand could be recovered from the description or part number.,1,0.117
457,467316,blocked,0.883,F-5ab2d81f,CG-TAX-01,error,Unclassified: attribute validation cannot be keyed.,1,0.117
457,467316,blocked,0.883,F-5ab2d81f,classification_abstained,review,"No taxonomy rule matched item type 'Sodium'. Classpath left empty rather than guessed, because attribute validation is keyed on it.",1,0.117
587,NEB-FLT-0053,blocked,0.8835,F-810190df,CG-MOB-01,warning,"MOBILE_DESC is 34 characters, minimum 60.",1,0.117
587,NEB-FLT-0053,blocked,0.8835,F-810190df,CG-BRD-01,error,No approved brand resolved.,1,0.117
633,WOSP30100SS,blocked,0.8835,F-00b93e6b,CG-MOB-01,warning,"MOBILE_DESC is 39 characters, minimum 60.",1,0.117
633,WOSP30100SS,blocked,0.8835,F-00b93e6b,CG-BRD-01,error,No approved brand resolved.,1,0.117
633,WOSP30100SS,blocked,0.8835,F-00b93e6b,brand_unresolved,review,Supplier is a distributor or buying co-op and no brand could be recovered from the description or part number.,1,0.117
819,918200,needs_review,0.8838,F-5997c791,brand_manufacturer_mismatch,review,Supplied manufacturer 'National Nail Corp (7439)' does not correspond to the approved manufacturer 'Illinois Tool Works Inc.' for brand Paslode®.,1,0.116
650,CVM517P3RD1,blocked,0.8847,F-c24b7f72,CG-MOB-01,warning,"MOBILE_DESC is 29 characters, minimum 60.",1,0.115
650,CVM517P3RD1,blocked,0.8847,F-c24b7f72,CG-BRD-01,error,No approved brand resolved.,1,0.115
650,CVM517P3RD1,blocked,0.8847,F-c24b7f72,brand_unresolved,review,Supplier is a distributor or buying co-op and no brand could be recovered from the description or part number.,1,0.115
69,KDPS624SJP,blocked,0.8865,F-ac7d4a9f,CG-MOB-01,warning,"MOBILE_DESC is 22 characters, minimum 60.",1,0.113
69,KDPS624SJP,blocked,0.8865,F-ac7d4a9f,CG-BRD-01,error,No approved brand resolved.,1,0.113
69,KDPS624SJP,blocked,0.8865,F-ac7d4a9f,brand_unresolved,review,Supplier is a distributor or buying co-op and no brand could be recovered from the description or part number.,1,0.113
343,1728ABL,blocked,0.8875,F-73278ad5,CG-MOB-01,warning,"MOBILE_DESC is 42 characters, minimum 60.",1,0.113
343,1728ABL,blocked,0.8875,F-73278ad5,CG-TAX-01,error,Unclassified: attribute validation cannot be keyed.,1,0.113
343,1728ABL,blocked,0.8875,F-73278ad5,CG-BRD-01,error,No approved brand resolved.,1,0.113
343,1728ABL,blocked,0.8875,F-73278ad5,brand_unresolved,review,Supplier is a distributor or buying co-op and no brand could be recovered from the description or part number.,1,0.113
343,1728ABL,blocked,0.8875,F-73278ad5,item_type_unresolved,review,No item type could be resolved from 'Fine Fissured 1728BL'.,1,0.113
343,1728ABL,blocked,0.8875,F-73278ad5,classification_abstained,review,"No taxonomy rule matched item type '2x2 Black Fine Fissured 1728BL'. Classpath left empty rather than guessed, because attribute validation is keyed on it.",1,0.113
460,S3720,blocked,0.8876,F-82fb5e9b,CG-TAX-01,error,Unclassified: attribute validation cannot be keyed.,1,0.112
460,S3720,blocked,0.8876,F-82fb5e9b,classification_abstained,review,"No taxonomy rule matched item type 'Inc'. Classpath left empty rather than guessed, because attribute validation is keyed on it.",1,0.112
77,WKE100HWA,blocked,0.8888,F-4f561514,CG-MOB-01,warning,"MOBILE_DESC is 44 characters, minimum 60.",1,0.111
77,WKE100HWA,blocked,0.8888,F-4f561514,CG-TAX-01,error,Unclassified: attribute validation cannot be keyed.,1,0.111
77,WKE100HWA,blocked,0.8888,F-4f561514,classification_abstained,review,"No taxonomy rule matched item type 'Center'. Classpath left empty rather than guessed, because attribute validation is keyed on it.",1,0.111
637,SMC2266KS,blocked,0.8886,F-6f679f09,CG-MOB-01,warning,"MOBILE_DESC is 37 characters, minimum 60.",1,0.111
637,SMC2266KS,blocked,0.8886,F-6f679f09,CG-BRD-01,error,No approved brand resolved.,1,0.111
637,SMC2266KS,blocked,0.8886,F-6f679f09,brand_unresolved,review,Supplier is a distributor or buying co-op and no brand could be recovered from the description or part number.,1,0.111
638,SMD2479JS,blocked,0.8886,F-244e1170,CG-MOB-01,warning,"MOBILE_DESC is 37 characters, minimum 60.",1,0.111
638,SMD2479JS,blocked,0.8886,F-244e1170,CG-BRD-01,error,No approved brand resolved.,1,0.111
638,SMD2479JS,blocked,0.8886,F-244e1170,brand_unresolved,review,Supplier is a distributor or buying co-op and no brand could be recovered from the description or part number.,1,0.111
276,73012503,blocked,0.8905,F-ef369f1e,CG-MOB-01,warning,"MOBILE_DESC is 43 characters, minimum 60.",1,0.11
276,73012503,blocked,0.8905,F-ef369f1e,CG-BRD-01,error,No approved brand resolved.,1,0.11
640,CES700P3MD1,blocked,0.8898,F-a4703ddf,CG-MOB-01,warning,"MOBILE_DESC is 32 characters, minimum 60.",1,0.11
640,CES700P3MD1,blocked,0.8898,F-a4703ddf,CG-BRD-01,error,No approved brand resolved.,1,0.11
640,CES700P3MD1,blocked,0.8898,F-a4703ddf,brand_unresolved,review,Supplier is a distributor or buying co-op and no brand could be recovered from the description or part number.,1,0.11
648,WSGS7530RZ,blocked,0.8928,F-f9485403,CG-MOB-01,warning,"MOBILE_DESC is 41 characters, minimum 60.",1,0.107
648,WSGS7530RZ,blocked,0.8928,F-f9485403,CG-BRD-01,error,No approved brand resolved.,1,0.107
648,WSGS7530RZ,blocked,0.8928,F-f9485403,brand_unresolved,review,Supplier is a distributor or buying co-op and no brand could be recovered from the description or part number.,1,0.107
334,40503,blocked,0.8943,F-ef98a9f0,CG-TAX-01,error,Unclassified: attribute validation cannot be keyed.,1,0.106
334,40503,blocked,0.8943,F-ef98a9f0,item_type_unresolved,review,"No item type could be resolved from '3 8"" Smart Pan Cedar No Groove Sq Edge B&B'.",1,0.106
334,40503,blocked,0.8943,F-ef98a9f0,classification_abstained,review,"No taxonomy rule matched item type '3/8"" 16""x16\' Smart Pan Cedar - No-Groove'. Classpath left empty rather than guessed, because attribute validation is keyed on it.",1,0.106
490,576306,blocked,0.8943,F-ef7da89d,CG-TAX-01,error,Unclassified: attribute validation cannot be keyed.,1,0.106
490,576306,blocked,0.8943,F-ef7da89d,classification_abstained,review,"No taxonomy rule matched item type 'Cct'. Classpath left empty rather than guessed, because attribute validation is keyed on it.",1,0.106
906,578806,blocked,0.897,F-676c822c,CG-MOB-01,warning,"MOBILE_DESC is 39 characters, minimum 60.",1,0.103
906,578806,blocked,0.897,F-676c822c,CG-TAX-01,error,Unclassified: attribute validation cannot be keyed.,1,0.103
906,578806,blocked,0.897,F-676c822c,classification_abstained,review,"No taxonomy rule matched item type 'S Gr Pro'. Classpath left empty rather than guessed, because attribute validation is keyed on it.",1,0.103
960,DCB606C,blocked,0.898,F-51a4c8c2,CG-TAX-01,error,Unclassified: attribute validation cannot be keyed.,1,0.102
960,DCB606C,blocked,0.898,F-51a4c8c2,classification_abstained,review,"No taxonomy rule matched item type 'Starter Kit'. Classpath left empty rather than guessed, because attribute validation is keyed on it.",1,0.102
904,578811,blocked,0.8991,F-a6656b3f,CG-MOB-01,warning,"MOBILE_DESC is 50 characters, minimum 60.",1,0.101
904,578811,blocked,0.8991,F-a6656b3f,CG-TAX-01,error,Unclassified: attribute validation cannot be keyed.,1,0.101
904,578811,blocked,0.8991,F-a6656b3f,classification_abstained,review,"No taxonomy rule matched item type 'Gr Pro'. Classpath left empty rather than guessed, because attribute validation is keyed on it.",1,0.101
958,TGI2-T36A,blocked,0.9004,F-85b1b892,CG-MOB-01,warning,"MOBILE_DESC is 55 characters, minimum 60.",1,0.1
958,TGI2-T36A,blocked,0.9004,F-85b1b892,CG-TAX-01,error,Unclassified: attribute validation cannot be keyed.,1,0.1
958,TGI2-T36A,blocked,0.9004,F-85b1b892,classification_abstained,review,"No taxonomy rule matched item type 'Table Assembly'. Classpath left empty rather than guessed, because attribute validation is keyed on it.",1,0.1
897,9A-129-120,blocked,0.9034,F-e4d7f37e,CG-TAX-01,error,Unclassified: attribute validation cannot be keyed.,1,0.097
897,9A-129-120,blocked,0.9034,F-e4d7f37e,classification_abstained,review,"No taxonomy rule matched item type 'Abranet'. Classpath left empty rather than guessed, because attribute validation is keyed on it.",1,0.097
983,DCK2101QQ2,blocked,0.9145,F-206735a3,CG-MOB-01,warning,"MOBILE_DESC is 51 characters, minimum 60.",1,0.086
983,DCK2101QQ2,blocked,0.9145,F-206735a3,CG-TAX-01,error,Unclassified: attribute validation cannot be keyed.,1,0.086
983,DCK2101QQ2,blocked,0.9145,F-206735a3,item_type_unresolved,review,No item type could be resolved from 'Kit'.,1,0.086
983,DCK2101QQ2,blocked,0.9145,F-206735a3,classification_abstained,review,"No taxonomy rule matched item type 'Dewalt DCK2101QQ2 20V 2Pc Kit'. Classpath left empty rather than guessed, because attribute validation is keyed on it.",1,0.086
515,586479,blocked,0.9238,F-34981303,CG-TAX-01,error,Unclassified: attribute validation cannot be keyed.,1,0.076
515,586479,blocked,0.9238,F-34981303,classification_abstained,review,"No taxonomy rule matched item type 'LED Multi Cct'. Classpath left empty rather than guessed, because attribute validation is keyed on it.",1,0.076
962,DCB205C,blocked,0.9258,F-b49d866b,CG-MOB-01,warning,"MOBILE_DESC is 58 characters, minimum 60.",1,0.074
962,DCB205C,blocked,0.9258,F-b49d866b,CG-TAX-01,error,Unclassified: attribute validation cannot be keyed.,1,0.074
962,DCB205C,blocked,0.9258,F-b49d866b,classification_abstained,review,"No taxonomy rule matched item type 'Starter Kit'. Classpath left empty rather than guessed, because attribute validation is keyed on it.",1,0.074
742,DCBP250C,blocked,0.9272,F-ef18920d,CG-MOB-01,warning,"MOBILE_DESC is 53 characters, minimum 60.",1,0.073
742,DCBP250C,blocked,0.9272,F-ef18920d,CG-TAX-01,error,Unclassified: attribute validation cannot be keyed.,1,0.073
742,DCBP250C,blocked,0.9272,F-ef18920d,classification_abstained,review,"No taxonomy rule matched item type 'Starter Kit'. Classpath left empty rather than guessed, because attribute validation is keyed on it.",1,0.073
360,72171-3/4-1W-UPC,blocked,0.9477,F-b0508a47,CG-TAX-01,error,Unclassified: attribute validation cannot be keyed.,1,0.052
360,72171-3/4-1W-UPC,blocked,0.9477,F-b0508a47,item_type_unresolved,review,No item type could be resolved from '2G Box'.,1,0.052
360,72171-3/4-1W-UPC,blocked,0.9477,F-b0508a47,classification_abstained,review,"No taxonomy rule matched item type '4-1/2x4-1/2x2 2G Box'. Classpath left empty rather than guessed, because attribute validation is keyed on it.",1,0.052
